tag,label,section,source_rule,clinical_reviewer,qbc_reviewer,decision,review_date,notes
HOSPID,醫事機構代碼,個案鍵值,醫事服務機構代號,,,pending,,
ID,個案身份證號,個案鍵值,文數字，國民身分證統一編號或外籍居留證號碼(如無居留證號碼請填護照號碼)，如為A123456789則輸入A123456789,,,pending,,
BIRTHDAY,個案出生年月日,個案鍵值,固定8碼，西元年（YYYYMMDD），例如1980年12月6日，則填寫：19801206,,,pending,,
DIAG_TYPE,收案類別,個案鍵值,1:新診斷個案-直接治癒性手術 2:新診斷個案-新輔助性治療法 3:首次復發個案,,,pending,,
LATERALITY,側性(患部),個案鍵值,填入代碼: L:左側 R:右側 上傳資料包含診斷病理或治療療程時必填。 若為雙側的病患，請將左右側拆分為2筆資料填寫。,,,pending,,
P01,個案姓名,基本資料,中文字採使用Big-5碼，至多為50個中文字,,,pending,,
P02,個案性別,基本資料,0：男性 1：女性 2：其他 (不符合傳統性別者，如雙性、跨性別) 3：未知,,,pending,,
P03,身高,基本資料,數字、長度整數至多3位數及小數至多2位數、範例150.3,,,pending,,
P04,體重,基本資料,數字、長度整數至多3位數及小數至多2位數、範例59.65,,,pending,,
P05,是否已停經,基本資料,※ 僅女性個案需要填寫。 1：是 2：否,,,pending,,
P06,停經年齡,基本資料,※ 僅限已停經的女性個案需要填寫。 填入數字範圍值:0-99 (實歲),,,pending,,
P07,主責醫師身份證字號,基本資料,文數字，國民身分證統一編號或外籍居留證號碼(如無居留證號碼請填護照號碼) 如為A123456789則輸入A123456789,,,pending,,
P08,個案分類,基本資料,1：本院診斷+治療 2：他院診斷、本院治療 3：復發個案,,,pending,,
P09,收案日期,基本資料,確定診斷及提供相關治療建議之(門診)日期 固定8碼，西元年（YYYYMMDD），例如1980年12月6日，則填寫：19801206,,,pending,,
D001,(新輔助) 最初診斷日期,新輔助－術前診斷,若收案類別「DIAG_TYPE」為「2」時必填 臨床或病理上診斷為癌症的開始日期 固定8碼，西元年（YYYYMMDD），例如1980年12月6日，則填寫：19801206,,,pending,,
D002,(新輔助) 最初診斷院所,新輔助－術前診斷,1：本院 2：他院,,,pending,,
D003,(新輔助) 組織學分類,新輔助－術前診斷,0：No cancer 1：Intraductal ca (DCIS) 2：Invasive cancer with no special type (IDC) 3：Invasive lobular ca (ILC) 4：Mucinous ca 5：Tubular ca 6：Invasive papillary ca 7：Metaplastic carcinoma 8：Others,,,pending,,
D004,(新輔助) 腫瘤組織分級,新輔助－術前診斷,※若(新輔助) 組織學分類「D003」為「0、1」，不需填寫。 X：無法評估等級(無法確定分級) 1：分化良好(低度惡性) 2：中度分化(中度惡性) 3：分化差(高度惡性),,,pending,,
D005,(新輔助) 臨床期別 T,新輔助－術前診斷,T0：No evidence of primary tumor Tis：(DCIS)*Ductal carcinoma in situ T1：腫瘤小於等於2公分 T2：腫瘤大於2公分，小於等於5公分 T3：腫瘤大於5公分 T4：腫瘤已侵犯至胸壁或是皮膚(潰瘍或結節)，發炎性乳癌 Tx：未知,,,pending,,
D006,(新輔助) 臨床期別 N,新輔助－術前診斷,N0：無區域淋巴結轉移（影像學或臨床檢查） N1mi：微小轉移(0.2-2mm) N1：轉移至同側可移動的 I、II 區腋窩淋巴結 N2：轉移至同側 I、II 區腋窩淋巴結，臨床表現為固定或 融合；或轉移至同側內乳淋巴結，但無腋窩淋巴結轉移 N3：轉移至同側鎖骨下（III 區腋窩）淋巴結，伴或不伴 I、II 區腋窩淋巴結受累；或轉移至同側內乳淋巴結， 伴隨 I、II 區腋窩淋巴結轉移；或同側鎖骨上淋巴結 轉移，伴隨或不伴隨腋窩或內乳淋巴結受累 Nx：未知,,,pending,,
D007,(新輔助) 臨床期別 M,新輔助－術前診斷,M0：遠端器官沒有癌細胞轉移 M1：遠端器官有癌細胞轉移，例如腦、肝、肺等 Mx：未知,,,pending,,
D008,(新輔助) 癌症臨床分期：TNM 計算結果,新輔助－術前診斷,"預設為空白，由系統自動計算「D005」、「D006」、「D007」三欄英文代號值合併結果，若有對應下列的Stage，則由系統代入其對應的Stage，若無任何對應的Stage，則需自行填寫，不能空白。 e.g.「D005」填入[T4]，「D006」填入[N0]，「D007」填入[M0]，合併計算結果為［T4N0M0］，其所對應的Stage為「StageⅢB」，則系統將此欄位值自動代入［StageⅢB］ e.g.「D005」填入[T4]，「D006」填入[Nx]，「D007」填入[M0]，合併計算結果為［T4NxM0］，沒有對應的Stage則需由使用者自行填入值StageⅠ~Ⅳ。 ==================== Stage ================= Stage 0： ['TisN0M0'] StageⅠA： ['T1N0M0'] StageⅠB： ['T0N1miM0', 'T1N1miM0'] StageⅡA： ['T2N0M0', 'T0N1M0', 'T1N1M0'] StageⅡB： ['T3N0M0', 'T2N1M0'] StageⅢA： ['T3N1M0', 'T3N2M0', 'T0N2M0', 'T1N2M0', 'T2N2M0'] StageⅢB： ['T4N0M0', 'T4N1M0', 'T4N2M0'] StageⅢC： ['anyTN3M0'] StageⅣ： ['anyTanyNM1'] Stage X： ['TxNxMx', 'TxNxM0']",,,pending,,
D009,(新輔助) 遠端轉移部位,新輔助－術前診斷,"填入代碼，可複選 ※「D008」滿足「StageⅣ」才可選擇。 ※ 複選以逗點相隔。 e.g. 1,5,10,11,12 (以半形英文逗號「,」連接數字) 1：遠端淋巴 2：皮膚 3：骨 4：肝 5：肺 6：腦 7：骨髓 8：胸膜 9：腹膜 10：腎上腺 11：對側腋下淋巴 12：其他",,,pending,,
D010,(新輔助) 遠端轉移部位：其他,新輔助－術前診斷,※「D009」為[12:其他]，此欄位為必填。 內容自訂，文字格式,,,pending,,
D011,(新輔助) 術前腋下淋巴檢驗：未檢驗,新輔助－術前診斷,※與術前腋下淋巴檢驗：檢驗方式「D012」擇一填寫 ※ 若此欄位有填寫，則不需填寫「D012」、「D013」 1：未檢驗,,,pending,,
D012,(新輔助) 術前腋下淋巴檢驗：檢驗方式,新輔助－術前診斷,※與術前腋下淋巴檢驗：未檢驗「D011」擇一填寫 1：細針穿刺 2：粗針切片,,,pending,,
D013,(新輔助) 術前腋下淋巴檢驗：檢驗結果,新輔助－術前診斷,※「D012」有值時，才需填寫。 0：陰性 1：陽性,,,pending,,
D014,(新輔助) ER,新輔助－術前診斷,X：未檢驗 0：陰性 1：陽性,,,pending,,
D015,(新輔助) ER 數值,新輔助－術前診斷,※「D014」為[1:陽性]時，才需填寫。 填入範圍值：01-100 整數百分比(%),,,pending,,
D016,(新輔助) PR,新輔助－術前診斷,X：未檢驗 0：陰性 1：陽性,,,pending,,
D017,(新輔助) PR 數值,新輔助－術前診斷,※「D016」為[1:陽性]時，才需填寫。 填入範圍值：01-100 整數百分比(%),,,pending,,
D018,(新輔助) HER2,新輔助－術前診斷,X：未檢驗 0：IHC 0 (negative or score 0) 1：IHC 1+(negative or score 1+) 2：IHC 2+(equivocal or score 2+) 3：IHC 3+(positive or score 3+),,,pending,,
D019,(新輔助) HER2 FISH,新輔助－術前診斷,※「D018」為[2：IHC 2+(equivocal or score 2+)]時，才需填寫。 0：negative 1：positive,,,pending,,
D020,(新輔助) Ki-67,新輔助－術前診斷,0：未檢驗 1：有檢驗,,,pending,,
D021,(新輔助) Ki-67 數值,新輔助－術前診斷,※「D020」為[1：有檢驗]時，才需填寫。 填入範圍值：01-100 整數百分比(%),,,pending,,
D022,(新輔助) BRCA 1/2,新輔助－術前診斷,X：未檢驗 0：無突變 1：有突變,,,pending,,
D023,(新輔助) PD-L1,新輔助－術前診斷,X：未檢驗 0：陰性 1：陽性,,,pending,,
D024,(術後) 新輔助性治療法之療效,術後病理,※若收案類別「DIAG_TYPE」為[2:新診斷個案-新輔助性治療法]且治療療程「TM02」為[1.治癒性手術]時，必填 0：Non-pCR 1：pCR,,,pending,,
D025,(術後) 最初診斷日期,術後病理,※若收案類別「DIAG_TYPE」為[1:新診斷個案-直接治癒性手術]時，必填 ※收案類別「DIAG_TYPE」為[2:新診斷個案-新輔助性治療法]無需填寫 臨床或病理上診斷為癌症的開始日期 固定8碼，西元年（YYYYMMDD），例如1980年12月6日，則填寫：19801206,,,pending,,
D026,(術後) 最初診斷院所,術後病理,※若收案類別「DIAG_TYPE」為[1:新診斷個案-直接治癒性手術]時，必填 ※收案類別「DIAG_TYPE」為[2:新診斷個案-新輔助性治療法]無需填寫 1：本院 2：他院,,,pending,,
D027,(術後) 乳房手術,術後病理,0：乳房部分切除手術 (BCS) 1：乳房全切除術 (Mastectomy),,,pending,,
D028,(術後) 手術邊緣,術後病理,0：free 1：involved with DCIS 2：involved with invasive carcinoma,,,pending,,
D029,(術後) 腋窩手術,術後病理,0：Nil 1：SLNB 2：SLNB → ALND 3：direct ALND 4：TLND,,,pending,,
D030,(術後) 組織學分類,術後病理,0：No cancer 1：Intraductal ca (DCIS) 2：Invasive cancer with no special type (IDC) 3：Invasive lobular ca (ILC) 4：Mucinous ca 5：Tubular ca 6：Invasive papillary ca 7：Metaplastic carcinoma 8：Others,,,pending,,
D031,(術後) 腫瘤組織分級,術後病理,X：無法評估等級(無法確定分級) 1：分化良好(低度惡性) 2：中度分化(中度惡性) 3：分化差(高度惡性),,,pending,,
D032,(術後) 病理期別T,術後病理,T0：No evidence of primary tumor Tis：(DCIS)*Ductal carcinoma in situ T1：腫瘤小於等於2公分 T2：腫瘤大於2公分，小於等於5公分 T3：腫瘤大於5公分 T4：腫瘤已侵犯至胸壁或是皮膚(潰瘍或結節)，發炎性乳癌 Tx：未知,,,pending,,
D033,(術後) 病理期別N,術後病理,N0：沒有淋巴結轉移 N1mi：微小轉移(0.2-2mm) N1：同側腋下淋巴結1~3顆有癌細胞轉移 N2：同側腋下淋巴結4~9顆有癌細胞轉移 N3：同側腋下淋巴結大於等於10顆有癌細胞轉移 Nx：未知,,,pending,,
D034,(術後) 病理期別M,術後病理,M0：遠端器官沒有癌細胞轉移 M1：遠端器官有癌細胞轉移，例如腦、肝、肺等 Mx：未知,,,pending,,
D035,(術後) 癌症病理分期：TNM 計算結果,術後病理,"預設為空白，由系統自動計算「D032」、「D033」、「D034」三欄英文代號值合併計算結果，若有對應下列的Stage，則由系統代入其對應的Stage，若無任何對應的Stage，則需自行填寫，不能空白。 e.g.「D032」填入[T4]，「D033」填入[N0]，「D034」填入[M0]，合併計算結果為［T4N0M0］，其所對應的Stage為「StageⅢB」，則系統將此欄位值自動代入［StageⅢB］ e.g.「D032」填入[T4]，「D033」填入[Nx]，「D034」填入[M0]，合併計算結果為［T4NxM0］，沒有對應的Stage需由使用者自行填入值StageⅠ~Ⅳ。 ==================== Stage ================= Stage 0：['TisN0M0'] StageⅠA：['T1N0M0'] StageⅠB：['T0N1miM0', 'T1N1miM0'] StageⅡA：['T2N0M0', 'T0N1M0', 'T1N1M0'] StageⅡB：['T3N0M0', 'T2N1M0'] StageⅢA：['T3N1M0', 'T3N2M0', 'T0N2M0', 'T1N2M0', 'T2N2M0'] StageⅢB：['T4N0M0', 'T4N1M0', 'T4N2M0'] StageⅢC：['anyTN3M0'] StageⅣ：['anyTanyNM1'] Stage X：['TxNxMx', 'TxNxM0']",,,pending,,
D036,(術後) 遠端轉移部位,術後病理,"※「D035」滿足[StageⅣ]才需填寫。 填入代碼，可複選 e.g. 1,5,10,11,12 (以半形英文逗號「,」連接數字) 1：遠端淋巴 2：皮膚 3：骨 4：肝 5：肺 6：腦 7：骨髓 8：胸膜 9：腹膜 10：腎上腺 11：對側腋下淋巴 12：其他",,,pending,,
D037,(術後) 遠端轉移部位：其他,術後病理,※「D036」為[12：其他]，此欄位為必填。 內容自訂，文字格式,,,pending,,
D038,(術後) 哨兵淋巴結,術後病理,X：未檢驗 0：陰性 1：陽性,,,pending,,
D039,(術後) 哨兵淋巴結：陽性顆數,術後病理,※「D038」為[1.陽性]時，必填。 填入範圍值：1-99,,,pending,,
D040,(術後) 哨兵淋巴結：哨兵淋巴結顆數,術後病理,※「D038」為[0：陰性]或[1：陽性]時，必填。 填入範圍值：1-99,,,pending,,
D041,(術後) 腋下淋巴結,術後病理,X：未檢驗 0：陰性 1：陽性,,,pending,,
D042,(術後) 腋下淋巴結：陽性顆數,術後病理,※「D041」為[1：陽性]時，必填。 填入範圍值：1-99,,,pending,,
D043,(術後) 腋下淋巴結：腋下淋巴結顆數,術後病理,※「D041」為[0.陰性]或[1.陽性]時，必填。 填入範圍值：1-99,,,pending,,
D044,(術後) 淋巴結陽性數量,術後病理,※「D038」、「D041」任一項滿足[1：陽性]，需填寫此欄位。 0：無 1：有,,,pending,,
D045,(術後) 淋巴結陽性數量：Micro-Metastasis 顆數,術後病理,※「D044」為[1：有]時，「D045」與「D046」至少填一項。 填入範圍值：0-99,,,pending,,
D046,(術後) 淋巴結陽性數量：Macro-Metastasis 顆數,術後病理,※「D044」為「1：有]」時，「D045」與「D046」至少填一項。 填入範圍值：0-99,,,pending,,
D047,(術後) 手術時顯微鏡下腫瘤大小,術後病理,填入範圍值：0.00-99.99,,,pending,,
D048,(術後) ER,術後病理,X：未檢驗 0：陰性 1：陽性,,,pending,,
D049,(術後) ER 數值,術後病理,※(術後) ER「D048」為[1：陽性]時，才需填寫。 填入範圍值：01-100 整數百分比(%),,,pending,,
D050,(術後) PR,術後病理,X：未檢驗 0：陰性 1：陽性,,,pending,,
D051,(術後) PR 數值,術後病理,※「D050」為[1：陽性]時，才需填寫。 填入範圍值：01-100 整數百分比(%),,,pending,,
D052,(術後) HER2,術後病理,X：未檢驗 0：IHC 0 (negative or score 0) 1：IHC 1+(negative or score 1+) 2：IHC 2+(equivocal or score 2+) 3：IHC 3+(positive or score 3+),,,pending,,
D053,(術後) HER2：FISH,術後病理,※「D052」為[2：IHC 2+(equivocal or score 2+)]時，才需填寫。 0：negative 1：positive,,,pending,,
D054,(術後) Ki-67,術後病理,0：未檢驗 1：有檢驗,,,pending,,
D055,(術後) Ki-67 數值,術後病理,※ 「D054」為[1：有檢驗]時，才需填寫。 填入範圍值：01-100 整數百分比(%),,,pending,,
D056,(術後) BRCA 1/2,術後病理,X：未檢驗 0：無突變 1：有突變,,,pending,,
D057,(術後) PD-L1,術後病理,X：未檢驗 0：陰性 1：陽性,,,pending,,
D058,(復發) 診斷日期,復發／de novo mBC,固定8碼，西元年（YYYYMMDD），例如1980年12月6日，則填寫：19801206,,,pending,,
D059,(復發) 診斷院所,復發／de novo mBC,1：本院 2：他院,,,pending,,
D060,(復發) 臨床期別 T,復發／de novo mBC,T0：No evidence of primary tumor Tis：(DCIS)*Ductal carcinoma in situ T1：腫瘤小於等於2公分 T2：腫瘤大於2公分，小於等於5公分 T3：腫瘤大於5公分 T4：腫瘤已侵犯至胸壁或是皮膚(潰瘍或結節)，發炎性乳癌 Tx：未知,,,pending,,
D061,(復發) 臨床期別 N,復發／de novo mBC,N0：無區域淋巴結轉移（影像學或臨床檢查） N1mi：微小轉移(0.2-2mm) N1：轉移至同側可移動的 I、II 區腋窩淋巴結 N2：轉移至同側 I、II 區腋窩淋巴結，臨床表現為固定或融合；或轉移至同側內乳淋巴結，但無腋窩淋巴結轉移 N3：轉移至同側鎖骨下（III 區腋窩）淋巴結，伴或不伴 I、II 區腋窩淋巴結受累；或轉移至同側內乳淋巴結，伴隨 I、II 區腋窩淋巴結轉移；或同側鎖骨上淋巴結轉移，伴隨或不伴隨腋窩或內乳淋巴結受累 Nx：未知,,,pending,,
D062,(復發) 臨床期別 M,復發／de novo mBC,M0：遠端器官沒有癌細胞轉移 M1：遠端器官有癌細胞轉移，例如腦、肝、肺等 Mx：未知,,,pending,,
D063,(復發) 癌症臨床分期：TNM 計算結果,復發／de novo mBC,"預設為空白，由系統自動計算「D060」、「D061」、「D062」三欄英文代號值合併結果，若有對應下列的Stage，則由系統代入其對應的Stage，若無任何對應的Stage，則需自行填寫，不能空白。 e.g.「D060」填入[T4]，「D061」填入[N0]，「D062」填入[M0]，合併計算結果為［T4N0M0］，其所對應的Stage為「StageⅢB」，則系統將此欄位值自動代入［StageⅢB］ e.g.「D060」填入[T4]，「D061」填入[Nx]，「D062」填入[M0]，合併計算結果為［T4NxM0］，沒有對應的Stage則需由使用者自行填入值StageⅠ~Ⅳ。 ==================== Stage ================= Stage 0： ['TisN0M0'] StageⅠA：['T1N0M0'] StageⅠB：['T0N1miM0', 'T1N1miM0'] StageⅡA：['T2N0M0', 'T0N1M0', 'T1N1M0'] StageⅡB：['T3N0M0', 'T2N1M0'] StageⅢA：['T3N1M0', 'T3N2M0', 'T0N2M0', 'T1N2M0', 'T2N2M0'] StageⅢB：['T4N0M0', 'T4N1M0', 'T4N2M0'] StageⅢC：['anyTN3M0'] StageⅣ：['anyTanyNM1'] Stage X：['TxNxMx', 'TxNxM0']",,,pending,,
D064,(復發) 病理期別 T,復發／de novo mBC,T0：No evidence of primary tumor Tis：(DCIS)*Ductal carcinoma in situ T1：腫瘤小於等於2公分 T2：腫瘤大於2公分，小於等於5公分 T3：腫瘤大於5公分 T4：腫瘤已侵犯至胸壁或是皮膚(潰瘍或結節)，發炎性乳癌 Tx：未知,,,pending,,
D065,(復發) 病理期別 N,復發／de novo mBC,N0：沒有淋巴結轉移 N1mi：微小轉移(0.2-2mm) N1：同側腋下淋巴結1~3顆有癌細胞轉移 N2：同側腋下淋巴結4~9顆有癌細胞轉移 N3：同側腋下淋巴結大於等於10顆有癌細胞轉移 Nx：未知,,,pending,,
D066,(復發) 病理期別 M,復發／de novo mBC,M0：遠端器官沒有癌細胞轉移 M1：遠端器官有癌細胞轉移，例如腦、肝、肺等 Mx：未知,,,pending,,
D067,(復發) 癌症病理分期：TNM 計算結果,復發／de novo mBC,"預設為空白，由系統自動計算「D064」、「D065」、「D066」三欄英文代號值合併計算結果，若有對應下列的Stage，則由系統代入其對應的Stage，若無任何對應的Stage，則需自行填寫，不能空白。 e.g.「D0064」填入[T4]，「D0065」填入[N0]，「D0066」填入[M0]，合併計算結果為［T4N0M0］，其所對應的Stage為「StageⅢB」，則系統將此欄位值自動代入［StageⅢB］ e.g.「D0064」填入[T4]，「D0065」填入[Nx]，「D0066」填入[M0]，合併計算結果為［T4NxM0］，沒有對應的Stage則需由使用者自行填入值StageⅠ~Ⅳ。 ==================== Stage ================= Stage 0：['TisN0M0'] StageⅠA：['T1N0M0'] StageⅠB：['T0N1miM0', 'T1N1miM0'] StageⅡA：['T2N0M0', 'T0N1M0', 'T1N1M0'] StageⅡB：['T3N0M0', 'T2N1M0'] StageⅢA：['T3N1M0', 'T3N2M0', 'T0N2M0', 'T1N2M0', 'T2N2M0'] StageⅢB：['T4N0M0', 'T4N1M0', 'T4N2M0'] StageⅢC：['anyTN3M0'] StageⅣ：['anyTanyNM1'] Stage X：['TxNxMx', 'TxNxM0']",,,pending,,
D068,(復發) 復發位置,復發／de novo mBC,"※ 填入代碼，可複選 ※ 複選以逗點相隔 e.g. 1,5,10,11,12 (以半形英文逗號「,」連接數字) 1：乳房(局部復發) 2：遠端淋巴 3：皮膚 4：骨 5：肝 6：肺 7：腦 8：骨髓 9：胸膜 10：腹膜 11：腎上腺 12：對側腋下淋巴 13：其他",,,pending,,
D069,(復發) 復發位置：其他,復發／de novo mBC,※ (復發) 復發位置「D068」選項包含「13：其他」，才需填寫 內容自訂，文字格式,,,pending,,
D070,(復發) 哨兵淋巴結,復發／de novo mBC,X：未檢驗 0：陰性 1：陽性,,,pending,,
D071,(復發) 哨兵淋巴結：陽性顆數,復發／de novo mBC,※「D070」為「1：陽性」時，必填。 填入範圍值：1-99,,,pending,,
D072,(復發) 哨兵淋巴結：哨兵淋巴結顆數,復發／de novo mBC,※「D070」為「0：陰性」或「1：陽性」時，必填。 填入範圍值：1-99,,,pending,,
D073,(復發) 腋下淋巴結,復發／de novo mBC,X：未檢驗 0：陰性 1：陽性,,,pending,,
D074,(復發) 腋下淋巴結：陽性顆數,復發／de novo mBC,※「D073」為「1：陽性」時，必填。 填入範圍值：1-99,,,pending,,
D075,(復發) 腋下淋巴結：腋下淋巴結顆數,復發／de novo mBC,※ 「D073」為「0：陰性」或「1：陽性」時，必填。 填入範圍值：1-99,,,pending,,
D076,(復發) ER,復發／de novo mBC,X：未檢驗 0：陰性 1：陽性,,,pending,,
D077,(復發) ER 數值,復發／de novo mBC,※「D076」為「1：陽性」時，才需填寫。 填入範圍值：01-100 整數百分比(%),,,pending,,
D078,(復發) PR,復發／de novo mBC,X：未檢驗 0：陰性 1：陽性,,,pending,,
D079,(復發) PR 數值,復發／de novo mBC,※「D078」為「1：陽性」時，才需填寫。 填入範圍值：01-100 整數百分比(%),,,pending,,
D080,(復發) HER2,復發／de novo mBC,X：未檢驗 0：IHC 0 (negative or score 0) 1：IHC 1+(negative or score 1+) 2：IHC 2+(equivocal or score 2+) 3：IHC 3+(positive or score 3+),,,pending,,
D081,(復發) HER2_FISH,復發／de novo mBC,※ 「D080」為「2：IHC 2+(equivocal or score 2+)」時，才需填寫。 0：negative 1：positive,,,pending,,
D082,(復發) Ki-67,復發／de novo mBC,0：未檢驗 1：有檢驗,,,pending,,
D083,(復發) Ki-67數值,復發／de novo mBC,填入範圍值：01-100 整數百分比(%),,,pending,,
D084,(復發) BRCA 1/2,復發／de novo mBC,X：未檢驗 0：無突變 1：有突變,,,pending,,
D085,(復發) PD-L1,復發／de novo mBC,X：未檢驗 0：陰性 1：陽性,,,pending,,
TM01,治療順序,治療療程,按醫事機構於畫面所新增之治療項目，從1開始自行排序 ※當收案類別「DIAG_TYPE」為[1:新診斷個案-直接治癒性手術]時，必填「TM01」為[1]，「TM02」為［1：治癒性手術］,,,pending,,
TM02,治療方式,治療療程,填入下列代碼1~7 ※當收案類別「DIAG_TYPE」為[1:新診斷個案-直接治癒性手術]時，必填「TM01」為[1]，「TM02」為［1：治癒性手術］ 1：治癒性手術 (新輔助性治療、直接治癒性手術) / 復發手術 (首次復發) 治癒性手術 (新輔助性治療、直接治癒性手術)：需再填「TM03」、「TM09」 復發手術 (首次復發)：需再填「TM03」、「TM04」、「TM09」 2：化學治療：需再填「TM03」、「TM09」、「TM10」 3：放射治療：需再填「TM03」、「TM07」、(TM08)、「TM09」、「TM10」 4：免疫治療：需再填「TM03」、「TM05」、(TM06)、「TM09」、「TM10」 5：標靶治療：需再填「TM03」、「TM05」、(TM06)、「TM09」、「TM10」 6：內分泌治療：需再填「TM03」、「TM09」 7：其他治療：需再填「TM03」、「TM05」、「TM06」、「TM09」、「TM10」,,,pending,,
TM03,治療情況,治療療程,1：本院治療 2：他院治療,,,pending,,
TM04,手術項目,治療療程,若「DIAG_TYPE」為[3:首次復發個案]且「TM02」為「1：復發手術」時，必填 1：乳癌復發處手術 2：腋下復發處手術 3：遠端轉移處手術,,,pending,,
TM05,藥物,治療療程,"填入代碼A1~A2、B1~B12、C1，可複選並以逗點相隔。 ※「TM02」包含[4：免疫治療]、[5：標靶治療]、[7：其他治療]才需填寫 e.g.A1,B3,B7,C1 (以半形英文逗號「,」連接數字) [4：免疫治療] A1：Pembrolizumab A2：其他 [5：標靶治療] B1：Abemaciclib B2：Olaparib B3：Palbociclib B4：Pertuzumab B5：Pertuzumab+Trastuzumab B6：Ribocilcib B7：Sacituzumab govitecan B8：Talazoparib B9：Trastuzumab B10：Trastuzumab deruxtecan B11：Trastuzumab emtansine B12：其他 [7：其他治療] C1：其他",,,pending,,
TM06,藥物 (其他),治療療程,「TM05」包含 [A2：其他]、[B12：其他]、[C1：其他]任一選項時，需填寫此欄位。,,,pending,,
TM07,部位,治療療程,"※「TM02」為[3：放射治療] 才需填寫 填入代碼A1~A5，可複選並以逗點相隔。 e.g.A1,A3,A5(以半形英文逗號「,」連接數字) [3：放射治療] A1：全乳房 A2：腋下淋巴結 A3：鎖骨上淋巴結 A4：胸壁 A5：其他",,,pending,,
TM08,部位 (其他),治療療程,「TM07」為 [A5：其他]時，需填寫此欄位。,,,pending,,
TM09,治療項目開始日期,治療療程,固定8碼，西元年（YYYYMMDD），例如1980年12月6日，則填寫：19801206,,,pending,,
TM10,治療項目結束日期,治療療程,※ 不可早於「TM08」的日期 固定8碼，西元年（YYYYMMDD），例如1980年12月6日，則填寫：19801206,,,pending,,
T01,追蹤年度,年度追蹤,※ 一年追蹤(填寫)一次 固定8碼，西元年（YYYYMMDD），例如1980年12月6日，則填寫：19801206,,,pending,,
T02,治療狀況,年度追蹤,1.已完成治療(必填追蹤狀況) 2.繼續在本院治療(必填追蹤狀況) 3.轉他院治療(必填轉出日期) 4.病人中斷治療(必填追蹤狀況) 5.於治療中死亡(必填死亡日期) 6.於治療中復發(必填結案日期，且應新增一筆首次復發個案) X.不詳,,,pending,,
T03,追蹤狀況,年度追蹤,1.在本院追蹤且定期檢查，無復發/轉移 2.轉他院追蹤(必填轉出日期) 3.個案中斷追蹤(必填結案日期) 4.於追蹤中死亡(必填死亡日期) 5.於追蹤中復發(必填結案日期，且應新增一筆首次復發個案) X.不詳,,,pending,,
T04,轉出日期,年度追蹤,※「T02」為 [3.轉他院治療(必填轉出日期)]或 「T03」為[2.轉他院追蹤(必填轉出日期)]時必填。 固定8碼，西元年（YYYYMMDD），例如1980年12月6日，則填寫：19801206,,,pending,,
T05,結案日期,年度追蹤,※「T02」為[6.於治療中復發]或 「T03」為[3.個案中斷追蹤]、[5.於追蹤中復發]時必填。 固定8碼，西元年（YYYYMMDD），例如1980年12月6日，則填寫：19801206,,,pending,,
T06,死亡日期,年度追蹤,※死亡視同結案。 「T02」為[5.於治療中死亡]或 「T03」為[4.於追蹤中死亡]時必填。 固定8碼，西元年（YYYYMMDD），例如1980年12月6日，則填寫：19801206,,,pending,,
