resource_type,resource_id,publication_role,authoring_source
Bundle,breast-cancer-synthetic-scenario,synthetic-example,generated-fsh
Bundle,cancer-care-plan-task-bundle-example,synthetic-example,generated-fsh
Bundle,qbc-submission-example,synthetic-example,generated-fsh
CapabilityStatement,BreastCancerCommunityCapabilityStatement,publication-definition,generated-fsh
CarePlan,cancer-care-plan-example,synthetic-example,generated-fsh
CodeSystem,breast-cancer-information-category,publication-definition,generated-fsh
CodeSystem,cm-case-entry-category,publication-definition,generated-fsh
CodeSystem,cm-case-status,publication-definition,generated-fsh
CodeSystem,cm-closure-reason,publication-definition,generated-fsh
CodeSystem,cm-curative-treatment-disposition,publication-definition,generated-fsh
CodeSystem,cm-registry-case-class,publication-definition,generated-fsh
CodeSystem,cm-retention-disposition,publication-definition,generated-fsh
CodeSystem,cm-task-input-type,publication-definition,generated-fsh
CodeSystem,cm-treatment-completion,publication-definition,generated-fsh
CodeSystem,qbc-field,publication-definition,generated-fsh
CodeSystem,qbc-workflow,publication-definition,generated-fsh
CodeSystem,tcr-breast-ajcc,publication-definition,manual-json
CodeSystem,tcr-breast-c,publication-definition,manual-json
CodeSystem,tcr-breast-class95,publication-definition,manual-json
CodeSystem,tcr-breast-classofdiag,publication-definition,manual-json
CodeSystem,tcr-breast-classoftreat,publication-definition,manual-json
CodeSystem,tcr-breast-confer,publication-definition,manual-json
CodeSystem,tcr-breast-ebrt,publication-definition,manual-json
CodeSystem,tcr-breast-h,publication-definition,manual-json
CodeSystem,tcr-breast-htar,publication-definition,manual-json
CodeSystem,tcr-breast-i,publication-definition,manual-json
CodeSystem,tcr-breast-kpsecog,publication-definition,manual-json
CodeSystem,tcr-breast-lat95,publication-definition,manual-json
CodeSystem,tcr-breast-ln-positi,publication-definition,manual-json
CodeSystem,tcr-breast-lnexam,publication-definition,manual-json
CodeSystem,tcr-breast-ltar,publication-definition,manual-json
CodeSystem,tcr-breast-lvi,publication-definition,manual-json
CodeSystem,tcr-breast-mcode5,publication-definition,manual-json
CodeSystem,tcr-breast-mins,publication-definition,manual-json
CodeSystem,tcr-breast-oth,publication-definition,manual-json
CodeSystem,tcr-breast-pni,publication-definition,manual-json
CodeSystem,tcr-breast-prec,publication-definition,manual-json
CodeSystem,tcr-breast-preh,publication-definition,manual-json
CodeSystem,tcr-breast-prei,publication-definition,manual-json
CodeSystem,tcr-breast-prep,publication-definition,manual-json
CodeSystem,tcr-breast-preslnsco,publication-definition,manual-json
CodeSystem,tcr-breast-prestype,publication-definition,manual-json
CodeSystem,tcr-breast-pretar,publication-definition,manual-json
CodeSystem,tcr-breast-r,publication-definition,manual-json
CodeSystem,tcr-breast-retype95,publication-definition,manual-json
CodeSystem,tcr-breast-rmod,publication-definition,manual-json
CodeSystem,tcr-breast-rtar,publication-definition,manual-json
CodeSystem,tcr-breast-seqls,publication-definition,manual-json
CodeSystem,tcr-breast-seqrs,publication-definition,manual-json
CodeSystem,tcr-breast-sex,publication-definition,manual-json
CodeSystem,tcr-breast-slnsco95,publication-definition,manual-json
CodeSystem,tcr-breast-ssf1,publication-definition,manual-json
CodeSystem,tcr-breast-ssf10,publication-definition,manual-json
CodeSystem,tcr-breast-ssf2,publication-definition,manual-json
CodeSystem,tcr-breast-ssf3,publication-definition,manual-json
CodeSystem,tcr-breast-ssf4,publication-definition,manual-json
CodeSystem,tcr-breast-ssf5,publication-definition,manual-json
CodeSystem,tcr-breast-ssf6,publication-definition,manual-json
CodeSystem,tcr-breast-ssf7,publication-definition,manual-json
CodeSystem,tcr-breast-ssf8,publication-definition,manual-json
CodeSystem,tcr-breast-ssf9,publication-definition,manual-json
CodeSystem,tcr-breast-stype95,publication-definition,manual-json
CodeSystem,tcr-breast-tar,publication-definition,manual-json
CodeSystem,tcr-breast-vsta,publication-definition,manual-json
CodeSystem,tcr-field,publication-definition,generated-fsh
ConceptMap,QBCGenderToFHIRAdministrativeGender,publication-definition,generated-fsh
ConceptMap,QBCLateralityToSNOMEDCT,publication-definition,generated-fsh
Condition,breast-cancer-primary-condition-example,synthetic-example,generated-fsh
DiagnosticReport,breast-cancer-laboratory-report-example,synthetic-example,generated-fsh
DiagnosticReport,breast-cancer-pathology-report-example,synthetic-example,generated-fsh
DiagnosticReport,breast-cancer-ultrasound-report-example,synthetic-example,generated-fsh
Encounter,QBCDiagnosisEncounterExample,synthetic-example,generated-fsh
EpisodeOfCare,QBCWorkflowEpisodeExample,synthetic-example,generated-fsh
EpisodeOfCare,breast-cancer-episode-example,synthetic-example,generated-fsh
ImplementationGuide,io.github.erichuang777777.breast-cancer,publication-definition,generated-fsh
Library,BreastCancerCaseManagement,publication-definition,generated-fsh
Measure,bc-qi-01,publication-definition,generated-fsh
Measure,bc-qi-02,publication-definition,generated-fsh
Measure,bc-qi-03,publication-definition,generated-fsh
Measure,bc-qi-04,publication-definition,generated-fsh
Measure,bc-qi-05,publication-definition,generated-fsh
Measure,bc-qi-06,publication-definition,generated-fsh
Measure,bc-qr-01,publication-definition,generated-fsh
Measure,bc-qr-02,publication-definition,generated-fsh
Measure,bc-qr-03,publication-definition,generated-fsh
Measure,bc-qr-04,publication-definition,generated-fsh
Measure,bc-qr-05,publication-definition,generated-fsh
Measure,bc-qr-10,publication-definition,generated-fsh
Measure,bc-qr-11,publication-definition,generated-fsh
Measure,bc-qr-12,publication-definition,generated-fsh
Measure,bc-qr-13,publication-definition,generated-fsh
Measure,bc-qr-14,publication-definition,generated-fsh
Measure,bc-qr-15,publication-definition,generated-fsh
Measure,bc-qr-16,publication-definition,generated-fsh
Measure,bc-qr-17,publication-definition,generated-fsh
Measure,bc-qr-18,publication-definition,generated-fsh
MeasureReport,breast-cancer-case-management-report-example,synthetic-example,generated-fsh
MedicationRequest,breast-cancer-medication-request-example,synthetic-example,generated-fsh
NamingSystem,CancerCarePlanBundleIdentifierNamingSystem,publication-definition,generated-fsh
NamingSystem,QBCBundleIdentifierNamingSystem,publication-definition,generated-fsh
Observation,breast-cancer-stage-group-example,synthetic-example,generated-fsh
Observation,breast-cancer-tumor-marker-example,synthetic-example,generated-fsh
Observation,qbc-body-height-example,synthetic-example,generated-fsh
Observation,qbc-diagnosis-date-example,synthetic-example,generated-fsh
Observation,qbc-follow-up-date-example,synthetic-example,generated-fsh
Observation,qbc-node-count-example,synthetic-example,generated-fsh
Observation,qbc-raw-data-item-example,synthetic-example,generated-fsh
Observation,qbc-stage-example,synthetic-example,generated-fsh
Observation,qbc-tumor-size-example,synthetic-example,generated-fsh
Observation,tcr-coded-data-item-observation-example,synthetic-example,generated-fsh
Observation,tcr-data-item-observation-example,synthetic-example,generated-fsh
Observation,tcr-raw-data-item-observation-example,synthetic-example,generated-fsh
Patient,breast-cancer-patient-example,synthetic-example,generated-fsh
Patient,qbc-patient-example,synthetic-example,generated-fsh
Procedure,QBCTreatmentProcedureExample,synthetic-example,generated-fsh
Procedure,breast-cancer-treatment-procedure-example,synthetic-example,generated-fsh
Provenance,cancer-care-plan-provenance-example,synthetic-example,generated-fsh
Provenance,qbc-provenance-example,synthetic-example,generated-fsh
Questionnaire,tcr-breast-longform,publication-definition,manual-json
QuestionnaireResponse,cancer-care-plan-response-example,synthetic-example,generated-fsh
QuestionnaireResponse,tcr-breast-example,synthetic-example,manual-json
QuestionnaireResponse,tcr-illegal-code-negative-example,synthetic-example,generated-fsh
Specimen,breast-cancer-pathology-specimen-example,synthetic-example,generated-fsh
StructureDefinition,breast-cancer-case-management-report,publication-definition,generated-fsh
StructureDefinition,breast-cancer-common-facts-bundle,publication-definition,generated-fsh
StructureDefinition,breast-cancer-episode-of-care,publication-definition,generated-fsh
StructureDefinition,breast-cancer-laboratory-report,publication-definition,generated-fsh
StructureDefinition,breast-cancer-medication-request,publication-definition,generated-fsh
StructureDefinition,breast-cancer-pathology-report,publication-definition,generated-fsh
StructureDefinition,breast-cancer-pathology-specimen,publication-definition,generated-fsh
StructureDefinition,breast-cancer-patient,publication-definition,generated-fsh
StructureDefinition,breast-cancer-primary-condition,publication-definition,generated-fsh
StructureDefinition,breast-cancer-source-diagnostic-report,publication-definition,generated-fsh
StructureDefinition,breast-cancer-source-observation,publication-definition,generated-fsh
StructureDefinition,breast-cancer-source-specimen,publication-definition,generated-fsh
StructureDefinition,breast-cancer-stage-group-observation,publication-definition,generated-fsh
StructureDefinition,breast-cancer-treatment-procedure,publication-definition,generated-fsh
StructureDefinition,breast-cancer-tumor-marker-observation,publication-definition,generated-fsh
StructureDefinition,breast-cancer-ultrasound-report,publication-definition,generated-fsh
StructureDefinition,cancer-care-plan-task-bundle,publication-definition,generated-fsh
StructureDefinition,cancer-care-plan-task-care-plan,publication-definition,generated-fsh
StructureDefinition,cancer-care-plan-task-provenance,publication-definition,generated-fsh
StructureDefinition,cancer-care-plan-task-questionnaire-response,publication-definition,generated-fsh
StructureDefinition,qbc-case-class,publication-definition,generated-fsh
StructureDefinition,qbc-data-item-observation,publication-definition,generated-fsh
StructureDefinition,qbc-date-data-item-observation,publication-definition,generated-fsh
StructureDefinition,qbc-diagnosis-facility-class,publication-definition,generated-fsh
StructureDefinition,qbc-enrollment-type,publication-definition,generated-fsh
StructureDefinition,qbc-followup-status,publication-definition,generated-fsh
StructureDefinition,qbc-integer-data-item-observation,publication-definition,generated-fsh
StructureDefinition,qbc-patient,publication-definition,generated-fsh
StructureDefinition,qbc-provenance,publication-definition,generated-fsh
StructureDefinition,qbc-quantity-data-item-observation,publication-definition,generated-fsh
StructureDefinition,qbc-raw-data-item-observation,publication-definition,generated-fsh
StructureDefinition,qbc-submission-bundle,publication-definition,generated-fsh
StructureDefinition,qbc-transfer-date,publication-definition,generated-fsh
StructureDefinition,qbc-treatment-facility-class,publication-definition,generated-fsh
StructureDefinition,qbc-treatment-sequence,publication-definition,generated-fsh
StructureDefinition,qbc-treatment-status,publication-definition,generated-fsh
StructureDefinition,qbc-treatment-type,publication-definition,generated-fsh
StructureDefinition,qbc-tumor-size-observation,publication-definition,generated-fsh
StructureDefinition,tcr-coded-data-item-observation,publication-definition,generated-fsh
StructureDefinition,tcr-codetable-pending,publication-definition,manual-json
StructureDefinition,tcr-data-item-observation,publication-definition,generated-fsh
StructureDefinition,tcr-illegal-code,publication-definition,manual-json
StructureDefinition,tcr-raw-data-item-observation,publication-definition,generated-fsh
StructureDefinition,tcr-registry-abstraction-task,publication-definition,generated-fsh
StructureDefinition,tcr-source-document,publication-definition,manual-json
StructureDefinition,tcr-source-hint,publication-definition,manual-json
Task,tcr-breast-abstraction-example,synthetic-example,manual-json
ValueSet,breast-cancer-information-category,publication-definition,generated-fsh
ValueSet,cm-anti-her2-medication,publication-definition,generated-fsh
ValueSet,cm-axillary-lymph-node-dissection-procedure,publication-definition,generated-fsh
ValueSet,cm-breast-conserving-surgery-procedure,publication-definition,generated-fsh
ValueSet,cm-breast-surgery-procedure,publication-definition,generated-fsh
ValueSet,cm-case-entry-category-vs,publication-definition,generated-fsh
ValueSet,cm-case-status-vs,publication-definition,generated-fsh
ValueSet,cm-clinical-stage-group-code,publication-definition,generated-fsh
ValueSet,cm-closure-reason-vs,publication-definition,generated-fsh
ValueSet,cm-core-needle-biopsy-procedure,publication-definition,generated-fsh
ValueSet,cm-curative-treatment-disposition-vs,publication-definition,generated-fsh
ValueSet,cm-cytotoxic-chemotherapy-medication,publication-definition,generated-fsh
ValueSet,cm-estrogen-receptor-code,publication-definition,generated-fsh
ValueSet,cm-her2-ihc-code,publication-definition,generated-fsh
ValueSet,cm-her2-ish-code,publication-definition,generated-fsh
ValueSet,cm-histology-morphology-code,publication-definition,generated-fsh
ValueSet,cm-hormone-therapy-medication,publication-definition,generated-fsh
ValueSet,cm-pathological-n-category-code,publication-definition,generated-fsh
ValueSet,cm-pathological-stage-group-code,publication-definition,generated-fsh
ValueSet,cm-pathological-t-category-code,publication-definition,generated-fsh
ValueSet,cm-progesterone-receptor-code,publication-definition,generated-fsh
ValueSet,cm-radiotherapy-procedure,publication-definition,generated-fsh
ValueSet,cm-registry-case-class-vs,publication-definition,generated-fsh
ValueSet,cm-retention-disposition-vs,publication-definition,generated-fsh
ValueSet,cm-sentinel-lymph-node-biopsy-procedure,publication-definition,generated-fsh
ValueSet,cm-task-input-type-vs,publication-definition,generated-fsh
ValueSet,cm-total-mastectomy-procedure,publication-definition,generated-fsh
ValueSet,cm-treatment-completion-vs,publication-definition,generated-fsh
ValueSet,qbc-case-class,publication-definition,generated-fsh
ValueSet,qbc-date-field,publication-definition,generated-fsh
ValueSet,qbc-enrollment-type,publication-definition,generated-fsh
ValueSet,qbc-facility-class,publication-definition,generated-fsh
ValueSet,qbc-field,publication-definition,generated-fsh
ValueSet,qbc-followup-status,publication-definition,generated-fsh
ValueSet,qbc-gender,publication-definition,generated-fsh
ValueSet,qbc-integer-field,publication-definition,generated-fsh
ValueSet,qbc-laterality,publication-definition,generated-fsh
ValueSet,qbc-laterality-snomed,publication-definition,generated-fsh
ValueSet,qbc-quantity-field,publication-definition,generated-fsh
ValueSet,qbc-treatment-status,publication-definition,generated-fsh
ValueSet,qbc-treatment-type,publication-definition,generated-fsh
ValueSet,tcr-breast-ajcc-vs,publication-definition,manual-json
ValueSet,tcr-breast-c-vs,publication-definition,manual-json
ValueSet,tcr-breast-class95-vs,publication-definition,manual-json
ValueSet,tcr-breast-classofdiag-vs,publication-definition,manual-json
ValueSet,tcr-breast-classoftreat-vs,publication-definition,manual-json
ValueSet,tcr-breast-confer-vs,publication-definition,manual-json
ValueSet,tcr-breast-ebrt-vs,publication-definition,manual-json
ValueSet,tcr-breast-h-vs,publication-definition,manual-json
ValueSet,tcr-breast-htar-vs,publication-definition,manual-json
ValueSet,tcr-breast-i-vs,publication-definition,manual-json
ValueSet,tcr-breast-kpsecog-vs,publication-definition,manual-json
ValueSet,tcr-breast-lat95-vs,publication-definition,manual-json
ValueSet,tcr-breast-ln-positi-vs,publication-definition,manual-json
ValueSet,tcr-breast-lnexam-vs,publication-definition,manual-json
ValueSet,tcr-breast-ltar-vs,publication-definition,manual-json
ValueSet,tcr-breast-lvi-vs,publication-definition,manual-json
ValueSet,tcr-breast-mcode5-vs,publication-definition,manual-json
ValueSet,tcr-breast-mins-vs,publication-definition,manual-json
ValueSet,tcr-breast-oth-vs,publication-definition,manual-json
ValueSet,tcr-breast-pni-vs,publication-definition,manual-json
ValueSet,tcr-breast-prec-vs,publication-definition,manual-json
ValueSet,tcr-breast-preh-vs,publication-definition,manual-json
ValueSet,tcr-breast-prei-vs,publication-definition,manual-json
ValueSet,tcr-breast-prep-vs,publication-definition,manual-json
ValueSet,tcr-breast-preslnsco-vs,publication-definition,manual-json
ValueSet,tcr-breast-prestype-vs,publication-definition,manual-json
ValueSet,tcr-breast-pretar-vs,publication-definition,manual-json
ValueSet,tcr-breast-r-vs,publication-definition,manual-json
ValueSet,tcr-breast-retype95-vs,publication-definition,manual-json
ValueSet,tcr-breast-rmod-vs,publication-definition,manual-json
ValueSet,tcr-breast-rtar-vs,publication-definition,manual-json
ValueSet,tcr-breast-seqls-vs,publication-definition,manual-json
ValueSet,tcr-breast-seqrs-vs,publication-definition,manual-json
ValueSet,tcr-breast-sex-vs,publication-definition,manual-json
ValueSet,tcr-breast-slnsco95-vs,publication-definition,manual-json
ValueSet,tcr-breast-ssf1-vs,publication-definition,manual-json
ValueSet,tcr-breast-ssf10-vs,publication-definition,manual-json
ValueSet,tcr-breast-ssf2-vs,publication-definition,manual-json
ValueSet,tcr-breast-ssf3-vs,publication-definition,manual-json
ValueSet,tcr-breast-ssf4-vs,publication-definition,manual-json
ValueSet,tcr-breast-ssf5-vs,publication-definition,manual-json
ValueSet,tcr-breast-ssf6-vs,publication-definition,manual-json
ValueSet,tcr-breast-ssf7-vs,publication-definition,manual-json
ValueSet,tcr-breast-ssf8-vs,publication-definition,manual-json
ValueSet,tcr-breast-ssf9-vs,publication-definition,manual-json
ValueSet,tcr-breast-stype95-vs,publication-definition,manual-json
ValueSet,tcr-breast-tar-vs,publication-definition,manual-json
ValueSet,tcr-breast-vsta-vs,publication-definition,manual-json
ValueSet,tcr-field-vs,publication-definition,generated-fsh
