artifact_id,element_id,path,slice_name,facets,cardinality,must_support,binding_strength,binding_value_set,type_constraints_json,fixed_pattern_fields,slicing_json,invariant_keys,constraint_sha256
breast-cancer-case-management-report,MeasureReport.type,MeasureReport.type,,must-support,,true,,,,,,,2128b3911cdbb56c2c16f67faba33f5a3e3b6be98eb93bb0e138eb81377655dd
breast-cancer-case-management-report,MeasureReport.measure,MeasureReport.measure,,must-support,,true,,,,,,,123d3ddc4c1ecce6322f0652f45d203dbd2bf70056feb82f01a876e8343ce417
breast-cancer-case-management-report,MeasureReport.reporter,MeasureReport.reporter,,must-support,,true,,,,,,,afbf6056bf0831fcd2f016b6849506ac838451f56970edb73a5b3dd1a2b3532f
breast-cancer-case-management-report,MeasureReport.period,MeasureReport.period,,must-support,,true,,,,,,,113afa7fc98350ceafea6e9d4969403826f7a815aaf797adf06b0ebcf40d4e8a
breast-cancer-case-management-report,MeasureReport.group,MeasureReport.group,,must-support,,true,,,,,,,8db22eee4b4a6e10e01a5696589c3138759ffa12fd0c8ff259557064cbdfbc07
breast-cancer-case-management-report,MeasureReport.group.population,MeasureReport.group.population,,must-support,,true,,,,,,,6dd74bdbbe84fceff46ae26a6b34fd6799b35ab7dbad3d50b84f1f609ba70601
breast-cancer-case-management-report,MeasureReport.group.measureScore,MeasureReport.group.measureScore,,must-support,,true,,,,,,,471ad8efc62821b5b8af7b63476d7dfb7d47f783d64c7ab010690e6db41f1fce
breast-cancer-case-management-report,MeasureReport.group.stratifier,MeasureReport.group.stratifier,,must-support,,true,,,,,,,27ccf0aed17edc53e05e2add7aa153719bc2207da0fa9051ec654d64527717c1
breast-cancer-case-management-task,Task.focus,Task.focus,,type,,false,,,"[{""code"":""Reference"",""targetProfile"":[""https://erichuang777777.github.io/TW-Breast-Cancer-FHIR-IG/StructureDefinition/breast-cancer-primary-condition"",""https://erichuang777777.github.io/TW-Breast-Cancer-FHIR-IG/StructureDefinition/breast-cancer-episode-of-care""]}]",,,,a6ca32a42d35431ea145855a0279a893701ead06b59c0ce006f0480046ec91f1
breast-cancer-case-management-task,Task.for,Task.for,,cardinality;type,1..,false,,,"[{""code"":""Reference"",""targetProfile"":[""https://erichuang777777.github.io/TW-Breast-Cancer-FHIR-IG/StructureDefinition/breast-cancer-patient""]}]",,,,dfc0018bf782417fc3a3d5c85060ad9fa5e7864e7571073a3366ed0de577ed06
breast-cancer-case-management-task,Task.authoredOn,Task.authoredOn,,cardinality,1..,false,,,,,,,372da4da027787f20800564734b65828871875e33c0ac8c03275fccd7f53db78
breast-cancer-case-management-task,Task.owner,Task.owner,,cardinality,1..,false,,,,,,,e85f40d5019566fa00a3b4a791fd14cb074e9ba4bfcf3a90025c445874a13938
breast-cancer-case-management-task,Task.input,Task.input,,cardinality;slicing,1..,false,,,,,"{""discriminator"":[{""path"":""type"",""type"":""pattern""}],""rules"":""open""}",,331f4a5068a22f4f327d8c6400dbbd2b10bd44010b79211ab1105c6349a9e96f
breast-cancer-case-management-task,Task.input:caseEntryCategory,Task.input,caseEntryCategory,cardinality,0..1,false,,,,,,,96634a79878c7f79ec56364a5c3271b6cccdeda99d62f35a92645fb5a1755a57
breast-cancer-case-management-task,Task.input:caseEntryCategory.type,Task.input.type,,fixed-or-pattern,,false,,,,patternCodeableConcept,,,8447ec6e2e74c8e42f030a2e7300d937e010444d1cfbec9913bf327dc6d6cbe2
breast-cancer-case-management-task,Task.input:caseEntryCategory.value[x],Task.input.value[x],,binding;type,,false,required,https://erichuang777777.github.io/TW-Breast-Cancer-FHIR-IG/ValueSet/cm-case-entry-category-vs,"[{""code"":""CodeableConcept""}]",,,,4f84f730dbf688689f477e5cfb15824ec1e35aaf3a7c34c99f0690f72783c0c8
breast-cancer-case-management-task,Task.input:caseStatus,Task.input,caseStatus,cardinality,0..1,false,,,,,,,ac353a83220974e32fbf2b61c1ddcef74317564e769f902a82eb58b6940d7938
breast-cancer-case-management-task,Task.input:caseStatus.type,Task.input.type,,fixed-or-pattern,,false,,,,patternCodeableConcept,,,44e065aa4b9209cfb55d52c1d8b5a0f66329dd5dc053fe983d859ac10c276cd9
breast-cancer-case-management-task,Task.input:caseStatus.value[x],Task.input.value[x],,binding;type,,false,required,https://erichuang777777.github.io/TW-Breast-Cancer-FHIR-IG/ValueSet/cm-case-status-vs,"[{""code"":""CodeableConcept""}]",,,,498896eedc965fb7eeaa043dfe9ee4cdead4db7a6969749e692f3705e777a8dc
breast-cancer-case-management-task,Task.input:closureReason,Task.input,closureReason,cardinality,0..1,false,,,,,,,d7e1684f084cfc9ad05cbf849fc8cdd98d9eff21bc6d6dbc948031ff5aee395c
breast-cancer-case-management-task,Task.input:closureReason.type,Task.input.type,,fixed-or-pattern,,false,,,,patternCodeableConcept,,,f3c9d26897fe551edc2dee7ad68ecdc8c69e9b82e05848a5d02f5fcf27b4f24b
breast-cancer-case-management-task,Task.input:closureReason.value[x],Task.input.value[x],,binding;type,,false,required,https://erichuang777777.github.io/TW-Breast-Cancer-FHIR-IG/ValueSet/cm-closure-reason-vs,"[{""code"":""CodeableConcept""}]",,,,731beae4a65a598731d0dc63a964b9121e4e6e2916fb362d8975a9184788924b
breast-cancer-case-management-task,Task.input:registryCaseClass,Task.input,registryCaseClass,cardinality,0..1,false,,,,,,,b0820cedc6583d9a6d34d2ed554ca6abcafdd87923db427e53e7cdd1f3fc53b4
breast-cancer-case-management-task,Task.input:registryCaseClass.type,Task.input.type,,fixed-or-pattern,,false,,,,patternCodeableConcept,,,07e0ee556be0a6668536036c588d2616899c2e9a6796b2462fa4e79f26768f1a
breast-cancer-case-management-task,Task.input:registryCaseClass.value[x],Task.input.value[x],,binding;type,,false,required,https://erichuang777777.github.io/TW-Breast-Cancer-FHIR-IG/ValueSet/cm-registry-case-class-vs,"[{""code"":""CodeableConcept""}]",,,,b49a571fc079f81c1d2920e22c22ebb6b58baf2a3a321333378053e368c0ddc6
breast-cancer-case-management-task,Task.input:retentionDisposition,Task.input,retentionDisposition,cardinality,0..1,false,,,,,,,030fffd0f8f9e91db64830146b1f906244819aff154a78808e46f14f2c0cd1fd
breast-cancer-case-management-task,Task.input:retentionDisposition.type,Task.input.type,,fixed-or-pattern,,false,,,,patternCodeableConcept,,,9a68f31ab23efcdced20ddb083ebf67b5921ad2c45974a15773a11644a0340f8
breast-cancer-case-management-task,Task.input:retentionDisposition.value[x],Task.input.value[x],,binding;type,,false,required,https://erichuang777777.github.io/TW-Breast-Cancer-FHIR-IG/ValueSet/cm-retention-disposition-vs,"[{""code"":""CodeableConcept""}]",,,,33e5baed63c29d9557b45c7c045154477deba8ba4a2dd95731c08f586b6e20a3
breast-cancer-case-management-task,Task.input:curativeTreatmentDisposition,Task.input,curativeTreatmentDisposition,cardinality,0..1,false,,,,,,,73bc16808b05136c46014791e143bd1186706093f76886968e7e0ee8f87ebaad
breast-cancer-case-management-task,Task.input:curativeTreatmentDisposition.type,Task.input.type,,fixed-or-pattern,,false,,,,patternCodeableConcept,,,915024a95558ab5187647b105fcb1141af86bf19277245d7133b2066a58e26eb
breast-cancer-case-management-task,Task.input:curativeTreatmentDisposition.value[x],Task.input.value[x],,binding;type,,false,required,https://erichuang777777.github.io/TW-Breast-Cancer-FHIR-IG/ValueSet/cm-curative-treatment-disposition-vs,"[{""code"":""CodeableConcept""}]",,,,92a57597a865dd7c763f8a3da26ab4e8d8b610a78a520a13f4ff3e55ad62b222
breast-cancer-case-management-task,Task.input:treatmentCompletion,Task.input,treatmentCompletion,cardinality,0..1,false,,,,,,,118c674db38ab758c9d89e15023bfc65ef9572ef130be1685aed35fad68979a9
breast-cancer-case-management-task,Task.input:treatmentCompletion.type,Task.input.type,,fixed-or-pattern,,false,,,,patternCodeableConcept,,,4fff3aaf00943bc7dda3ae9ac0dabea6017d2010d66d9fa2f7db2e19693b5815
breast-cancer-case-management-task,Task.input:treatmentCompletion.value[x],Task.input.value[x],,binding;type,,false,required,https://erichuang777777.github.io/TW-Breast-Cancer-FHIR-IG/ValueSet/cm-treatment-completion-vs,"[{""code"":""CodeableConcept""}]",,,,c72b5d25c0ec09ad1cc96cc05d4e3c474e01818ac05d193d38021daea378a728
breast-cancer-common-facts-bundle,Bundle.type,Bundle.type,,fixed-or-pattern,,false,,,,fixedCode,,,80040d2c555d4f74e08b28710b420c6e31aaf2d74bb0a4263c86fff2a22cd2e7
breast-cancer-common-facts-bundle,Bundle.timestamp,Bundle.timestamp,,cardinality;must-support,1..,true,,,,,,,3fb37778751e39428ad817a708350e1276c63de6414f167a745769c3ec7a42bd
breast-cancer-common-facts-bundle,Bundle.entry,Bundle.entry,,cardinality;must-support,2..,true,,,,,,,60d25527adbb7cc3f2ee90ce01567cd86fbf038598cb4dc7cc3754b1eeddea47
breast-cancer-common-facts-bundle,Bundle.entry.fullUrl,Bundle.entry.fullUrl,,cardinality;must-support,1..,true,,,,,,,3df5eceff505d6c7d2451b71eea57b9d4341e05f73fcd87af5f1b7ee1c949e8a
breast-cancer-common-facts-bundle,Bundle.entry.resource,Bundle.entry.resource,,cardinality;must-support,1..,true,,,,,,,6fcdb4a953383a6ed3fc6cc4b44a55403199427c86d8c1b4f1d073efc2c19ee4
breast-cancer-episode-of-care,EpisodeOfCare.status,EpisodeOfCare.status,,must-support,,true,,,,,,,90a11e2f6b10b1018fa7ba0d6f947d12f33acc1849c1d64bae6f20fb4367fc80
breast-cancer-episode-of-care,EpisodeOfCare.diagnosis.condition,EpisodeOfCare.diagnosis.condition,,type,,false,,,"[{""code"":""Reference"",""targetProfile"":[""https://erichuang777777.github.io/TW-Breast-Cancer-FHIR-IG/StructureDefinition/breast-cancer-primary-condition""]}]",,,,1dd63eff0fb7e779398af74812a895fc57a0f95b6258f6e2c019f8ad6d737867
breast-cancer-episode-of-care,EpisodeOfCare.patient,EpisodeOfCare.patient,,must-support;type,,true,,,"[{""code"":""Reference"",""targetProfile"":[""https://erichuang777777.github.io/TW-Breast-Cancer-FHIR-IG/StructureDefinition/breast-cancer-patient""]}]",,,,77dfbb889e06fc6995415c267b174395b12213c236947792b683e09716bd5f90
breast-cancer-episode-of-care,EpisodeOfCare.period,EpisodeOfCare.period,,must-support,,true,,,,,,,db8681bec6c9d4d3514d8af7e7d82e47476996020fcd1d2cf694ce04bd5882ce
breast-cancer-laboratory-report,DiagnosticReport,DiagnosticReport,,declaration-or-narrative,,false,,,,,,,5da88e3ca961efd40efe816ac7ca735e4e5bd731c90849b4c1e2d2cf886d9abb
breast-cancer-medication-request,MedicationRequest.status,MedicationRequest.status,,must-support,,true,,,,,,,bcecb04fcbd6013f5338122d5a76710d11e766d1638628fac1dcd6a05d03b1d1
breast-cancer-medication-request,MedicationRequest.intent,MedicationRequest.intent,,must-support,,true,,,,,,,633bb2e50af2e7c84ac1034767e2803569ce5a50ca66b99d2104ee0a21ca0a84
breast-cancer-medication-request,MedicationRequest.medication[x],MedicationRequest.medication[x],,must-support,,true,,,,,,,3cc4808a82f6b4a78909d542c09765efce3949dc41567d05532ee6a19bc0485f
breast-cancer-medication-request,MedicationRequest.subject,MedicationRequest.subject,,must-support;type,,true,,,"[{""code"":""Reference"",""targetProfile"":[""https://erichuang777777.github.io/TW-Breast-Cancer-FHIR-IG/StructureDefinition/breast-cancer-patient""]}]",,,,ff05830d16ebe058cbd88dc02d2de90030745babca00334b0717aa38d2831b86
breast-cancer-medication-request,MedicationRequest.authoredOn,MedicationRequest.authoredOn,,must-support,,true,,,,,,,de80b7d464f15dfbd6b49f36dad3d726daf467b5bb3abcf9c2d9f0e02fa04f73
breast-cancer-medication-request,MedicationRequest.requester,MedicationRequest.requester,,must-support,,true,,,,,,,e641a5d7e8f7583e7c9f534fd386984771ac6bffafce6d9bb2cf633481c0cb31
breast-cancer-pathology-report,DiagnosticReport.specimen,DiagnosticReport.specimen,,type,,false,,,"[{""code"":""Reference"",""targetProfile"":[""https://erichuang777777.github.io/TW-Breast-Cancer-FHIR-IG/StructureDefinition/breast-cancer-pathology-specimen""]}]",,,,e70f2015dbfddbc91c3c5c4d04b892ad54f9bddc10dfe574626c349c6132bd83
breast-cancer-pathology-specimen,Specimen,Specimen,,declaration-or-narrative,,false,,,,,,,efb14b9b23d1649fe8a79d162e8d3e93c7133500b471d194158ea81a29bdf6d5
breast-cancer-patient,Patient.name,Patient.name,,must-support,,true,,,,,,,082a8e8a8f10bb5fc81a686819c74951f5c53445bb917975e87e10f563f4eec4
breast-cancer-patient,Patient.deceased[x],Patient.deceased[x],,must-support,,true,,,,,,,87114eaff620765bfbe5f638af2167485cb6da5a4e52fcfb60c3837e5bc7c76f
breast-cancer-primary-condition,Condition.clinicalStatus,Condition.clinicalStatus,,must-support,,true,,,,,,,7dd5b765675b3c940a6c620c92835900ecb137d8957f56945aa349d49bef33c0
breast-cancer-primary-condition,Condition.verificationStatus,Condition.verificationStatus,,must-support,,true,,,,,,,5537364c6af8a87fd0479ca674efa1131f12594cd58103dcc63cf9de0a01af3a
breast-cancer-primary-condition,Condition.code,Condition.code,,cardinality;must-support,1..,true,,,,,,,ae3b731109e2eb9460a67756190b6a8ba06fae06b63c819d88d725aa11e2cce0
breast-cancer-primary-condition,Condition.bodySite,Condition.bodySite,,must-support,,true,,,,,,,f8d2d335e26229a6105c5d90246812f4729df9333ee48c7fbb037a12de7cae04
breast-cancer-primary-condition,Condition.subject,Condition.subject,,must-support;type,,true,,,"[{""code"":""Reference"",""targetProfile"":[""https://erichuang777777.github.io/TW-Breast-Cancer-FHIR-IG/StructureDefinition/breast-cancer-patient""]}]",,,,cec3b0291c030b11f16a5ce3359c5271e251c004e410508e69e23dfee786bc98
breast-cancer-primary-condition,Condition.onset[x],Condition.onset[x],,must-support,,true,,,,,,,7680ff1fe2fe4569bcd1f21736d1ffd049247bd73e5914040a178f34b06c690a
breast-cancer-primary-condition,Condition.recordedDate,Condition.recordedDate,,must-support,,true,,,,,,,f6c6bab0108cd5f7807facb4de6309341bd73174a0771d27bfd81ca660cfc81c
breast-cancer-source-diagnostic-report,DiagnosticReport.status,DiagnosticReport.status,,must-support,,true,,,,,,,aa82fe960412aec88bd92ae60268d5abaa7ff3d9a2ea18217f4205b43a7a489f
breast-cancer-source-diagnostic-report,DiagnosticReport.category,DiagnosticReport.category,,must-support,,true,,,,,,,474de9dd7e7faafdaea7d2ae7be78f948b094e5a4ba48ad21c7fd306422bd1cf
breast-cancer-source-diagnostic-report,DiagnosticReport.code,DiagnosticReport.code,,must-support,,true,,,,,,,d437b392aaeb53644586fe417a59a3ed76fcbe5d1a9b562612facc9e8b0a933d
breast-cancer-source-diagnostic-report,DiagnosticReport.subject,DiagnosticReport.subject,,cardinality;must-support;type,1..,true,,,"[{""code"":""Reference"",""targetProfile"":[""https://erichuang777777.github.io/TW-Breast-Cancer-FHIR-IG/StructureDefinition/breast-cancer-patient""]}]",,,,2842a252a758aa7095c846f51573f428c7f21dbb228caba8b77e6af21395a102
breast-cancer-source-diagnostic-report,DiagnosticReport.effective[x],DiagnosticReport.effective[x],,must-support,,true,,,,,,,a4a5bc590575ccc6826dfc7ea753ac28575ea493f9a1a9b7a4ce5468e2d387f0
breast-cancer-source-diagnostic-report,DiagnosticReport.issued,DiagnosticReport.issued,,must-support,,true,,,,,,,ef35a178650ffc7692cf1f67ac272670e2137ca0952c056e55dbc8fcc18e4c91
breast-cancer-source-diagnostic-report,DiagnosticReport.performer,DiagnosticReport.performer,,must-support,,true,,,,,,,c776feeeca8a7321682f7fd29ee32e2f085b5076372a7d04b4a0198a5b3e1f8a
breast-cancer-source-diagnostic-report,DiagnosticReport.specimen,DiagnosticReport.specimen,,must-support,,true,,,,,,,0418412b73f1737100d609ea8e9c479d96caa5858cac0692335ae45a6c2e1151
breast-cancer-source-diagnostic-report,DiagnosticReport.result,DiagnosticReport.result,,must-support;type,,true,,,"[{""code"":""Reference"",""targetProfile"":[""https://erichuang777777.github.io/TW-Breast-Cancer-FHIR-IG/StructureDefinition/breast-cancer-source-observation""]}]",,,,4d77eccefa2333bdbc3eca1906e946d4b87545b6cc87859f2c636622cdf52bc2
breast-cancer-source-diagnostic-report,DiagnosticReport.imagingStudy,DiagnosticReport.imagingStudy,,must-support,,true,,,,,,,2fb6acd202d593e9d19074f42d547035a22d4b7880ab9e9ef117b2d181a1562a
breast-cancer-source-diagnostic-report,DiagnosticReport.presentedForm,DiagnosticReport.presentedForm,,must-support,,true,,,,,,,b3c70811c62f632e02021c543abadbd3d099ce3062b0f82ef477a600a6bc5e47
breast-cancer-source-observation,Observation.status,Observation.status,,must-support,,true,,,,,,,6763913cf9e240460e19b3773746b2858c8c798c738d014741f88443ff4f68e7
breast-cancer-source-observation,Observation.code,Observation.code,,must-support,,true,,,,,,,bc806cd6e59b38d56e6028d2bc17d682b612d2d06014a68f6404abbba5efa920
breast-cancer-source-observation,Observation.subject,Observation.subject,,cardinality;must-support;type,1..,true,,,"[{""code"":""Reference"",""targetProfile"":[""https://erichuang777777.github.io/TW-Breast-Cancer-FHIR-IG/StructureDefinition/breast-cancer-patient""]}]",,,,b4f38f1e558157f9f739105fe3b8fdb0a9fd811af8e85fde7088521d1596bdf3
breast-cancer-source-observation,Observation.effective[x],Observation.effective[x],,must-support,,true,,,,,,,ed1f98a75d7e357963b6600316ed75ea8d093de877ec256d363e723521eb515d
breast-cancer-source-observation,Observation.performer,Observation.performer,,must-support,,true,,,,,,,7febf2d52d5910fbce48a414fdc6acf0b6521ffe7151834ff1710296771760b2
breast-cancer-source-observation,Observation.specimen,Observation.specimen,,must-support,,true,,,,,,,01a79921dd35d09062f17296f8128dc0c75778269a46ac30c40a64db3aef0799
breast-cancer-source-observation,Observation.derivedFrom,Observation.derivedFrom,,must-support,,true,,,,,,,2d9e15e2fbdf254e83ee94a6ca9fd69bcead7a2a899b966e5b1007169558533f
breast-cancer-source-specimen,Specimen.type,Specimen.type,,must-support,,true,,,,,,,98f9c88adecdec83b0f6662aff6a0c9e476e51ba6db85b9c047e47ff0ebe8abf
breast-cancer-source-specimen,Specimen.subject,Specimen.subject,,cardinality;must-support;type,1..,true,,,"[{""code"":""Reference"",""targetProfile"":[""https://erichuang777777.github.io/TW-Breast-Cancer-FHIR-IG/StructureDefinition/breast-cancer-patient""]}]",,,,a897de18e3d458bea6e14b556528e06885af0c844a08a6490780b66cc9804640
breast-cancer-source-specimen,Specimen.receivedTime,Specimen.receivedTime,,must-support,,true,,,,,,,f04c9e0c10dd965bf97d57adb6a683d3bde50c53c4846ccb291d2e881d044397
breast-cancer-source-specimen,Specimen.collection,Specimen.collection,,must-support,,true,,,,,,,987dc7a2db0135ce37b26ca4a1b396ce704297e2f56293c47cf94da8ae47c21c
breast-cancer-stage-group-observation,Observation.focus,Observation.focus,,must-support;type,,true,,,"[{""code"":""Reference"",""targetProfile"":[""https://erichuang777777.github.io/TW-Breast-Cancer-FHIR-IG/StructureDefinition/breast-cancer-primary-condition""]}]",,,,b8bfed71bcbb3ad960a3a8b4b56a38b17862b37e577136ebe3ed66c005d9aa0a
breast-cancer-stage-group-observation,Observation.value[x],Observation.value[x],,cardinality;must-support;type,1..,true,,,"[{""code"":""CodeableConcept""}]",,,,bf44191bf309c1073f8ea3f8af150981c4ab0e94817aff997b6fafefd4474a82
breast-cancer-stage-group-observation,Observation.method,Observation.method,,must-support,,true,,,,,,,f8b3557b17a21197dc79da09e5d3eb003a1505aa55ab1088184dade3ffd6bf02
breast-cancer-treatment-procedure,Procedure.status,Procedure.status,,must-support,,true,,,,,,,464d65e0141dadd349c406f815b3dc59aa74b915fce02f33ae64770e94a6611d
breast-cancer-treatment-procedure,Procedure.code,Procedure.code,,cardinality;must-support,1..,true,,,,,,,270e8670cc06f7df4af75c1dc1b6c962909ae7999c8bfb2f5cac22008d2df51e
breast-cancer-treatment-procedure,Procedure.subject,Procedure.subject,,must-support;type,,true,,,"[{""code"":""Reference"",""targetProfile"":[""https://erichuang777777.github.io/TW-Breast-Cancer-FHIR-IG/StructureDefinition/breast-cancer-patient""]}]",,,,cae6f77cb61d1236b322a60414f05a38fda58f3de078871e192ca4e3914b83c2
breast-cancer-treatment-procedure,Procedure.performed[x],Procedure.performed[x],,must-support,,true,,,,,,,9c38ade383cbf799168238255490ffc09293df7dab13cdec4aa16f8576ba109e
breast-cancer-treatment-procedure,Procedure.bodySite,Procedure.bodySite,,must-support,,true,,,,,,,d6790052f2d3f69f42c2c6c7900350e08fbf5eae3a33279907be354f5c046634
breast-cancer-tumor-marker-observation,Observation.value[x],Observation.value[x],,cardinality;must-support;type,1..,true,,,"[{""code"":""Quantity""},{""code"":""CodeableConcept""},{""code"":""string""},{""code"":""Ratio""}]",,,,b21930dbf8756ac16eb6c4f911c9e77e3208b2e4b2db9b113ee71809248550b5
breast-cancer-tumor-marker-observation,Observation.interpretation,Observation.interpretation,,must-support,,true,,,,,,,502477660924e90c50fe6d686373467a8a8bafe019c370e0a722b49041ecf20a
breast-cancer-tumor-marker-observation,Observation.method,Observation.method,,must-support,,true,,,,,,,f8b3557b17a21197dc79da09e5d3eb003a1505aa55ab1088184dade3ffd6bf02
breast-cancer-ultrasound-report,DiagnosticReport,DiagnosticReport,,declaration-or-narrative,,false,,,,,,,5da88e3ca961efd40efe816ac7ca735e4e5bd731c90849b4c1e2d2cf886d9abb
cancer-care-plan-task-bundle,Bundle.identifier,Bundle.identifier,,cardinality;must-support,1..,true,,,,,,,99b7c539029a4a5beba90dd993b10149e0facae7d04994f17c7dc67a61e9c343
cancer-care-plan-task-bundle,Bundle.type,Bundle.type,,fixed-or-pattern,,false,,,,fixedCode,,,80040d2c555d4f74e08b28710b420c6e31aaf2d74bb0a4263c86fff2a22cd2e7
cancer-care-plan-task-bundle,Bundle.timestamp,Bundle.timestamp,,cardinality;must-support,1..,true,,,,,,,3fb37778751e39428ad817a708350e1276c63de6414f167a745769c3ec7a42bd
cancer-care-plan-task-bundle,Bundle.entry,Bundle.entry,,cardinality;must-support,5..,true,,,,,,,6b5629ff021ec4a482b2b38e82b928aa9f262827d5df75db611c142e53f677f8
cancer-care-plan-task-bundle,Bundle.entry.fullUrl,Bundle.entry.fullUrl,,cardinality;must-support,1..,true,,,,,,,3df5eceff505d6c7d2451b71eea57b9d4341e05f73fcd87af5f1b7ee1c949e8a
cancer-care-plan-task-bundle,Bundle.entry.resource,Bundle.entry.resource,,cardinality;must-support,1..,true,,,,,,,6fcdb4a953383a6ed3fc6cc4b44a55403199427c86d8c1b4f1d073efc2c19ee4
cancer-care-plan-task-care-plan,CarePlan.status,CarePlan.status,,must-support,,true,,,,,,,f6831f6552099e21dd4cb8f890742320c758bebcd19c65a7625a5299a50be58e
cancer-care-plan-task-care-plan,CarePlan.intent,CarePlan.intent,,must-support,,true,,,,,,,6f82b2b10a3bd3df3d9ef78d8502c8b529ecc2801f4f5a1555482fd2a9ff7297
cancer-care-plan-task-care-plan,CarePlan.category,CarePlan.category,,cardinality;must-support,1..,true,,,,,,,02ae59bf316f8528594f0f930bf78c0d740efd582fd69c6f7789396877478ca0
cancer-care-plan-task-care-plan,CarePlan.subject,CarePlan.subject,,must-support;type,,true,,,"[{""code"":""Reference"",""targetProfile"":[""https://erichuang777777.github.io/TW-Breast-Cancer-FHIR-IG/StructureDefinition/breast-cancer-patient""]}]",,,,e42ad0827c4e097becefadb735eacb5754b3c2746ef7e7618de91672c3ed5aaf
cancer-care-plan-task-care-plan,CarePlan.created,CarePlan.created,,cardinality;must-support,1..,true,,,,,,,6057169003e1ffb1d77307524572bdfcafe5a092d8026a14e6867b38e157bca3
cancer-care-plan-task-care-plan,CarePlan.author,CarePlan.author,,must-support,,true,,,,,,,b0c5006807ef0174ef8fb42dcac34d7a00216f522faf1d265f1fcf43c27e3336
cancer-care-plan-task-care-plan,CarePlan.addresses,CarePlan.addresses,,cardinality;must-support;type,1..,true,,,"[{""code"":""Reference"",""targetProfile"":[""https://erichuang777777.github.io/TW-Breast-Cancer-FHIR-IG/StructureDefinition/breast-cancer-primary-condition""]}]",,,,3e8553c6815e08cb57c409ff42a900df7dfe8885a6294973308afd5c9bd1f34c
cancer-care-plan-task-care-plan,CarePlan.supportingInfo,CarePlan.supportingInfo,,cardinality;must-support;type,1..,true,,,"[{""code"":""Reference"",""targetProfile"":[""https://erichuang777777.github.io/TW-Breast-Cancer-FHIR-IG/StructureDefinition/cancer-care-plan-task-questionnaire-response""]}]",,,,8cb37074f0d665c460fb591cb9eb846f94ab94a78dbcfcae035e10ccdc3d0b52
cancer-care-plan-task-care-plan,CarePlan.activity,CarePlan.activity,,must-support,,true,,,,,,,ebf2500b3465353477768662308f610f5921dd705bfc27a91fc8c209c88463cc
cancer-care-plan-task-care-plan,CarePlan.activity.detail.status,CarePlan.activity.detail.status,,must-support,,true,,,,,,,a5594fb61f4704a40f8945ea56faa6fd325806d47f898185e8f81752829e2478
cancer-care-plan-task-care-plan,CarePlan.activity.detail.description,CarePlan.activity.detail.description,,must-support,,true,,,,,,,8c86b4e52af58a4869ffcb51ead7cbbaf0b349aa0eff6bddb372f29fea1f1181
cancer-care-plan-task-provenance,Provenance.target,Provenance.target,,must-support;type,,true,,,"[{""code"":""Reference"",""targetProfile"":[""https://erichuang777777.github.io/TW-Breast-Cancer-FHIR-IG/StructureDefinition/cancer-care-plan-task-care-plan"",""https://erichuang777777.github.io/TW-Breast-Cancer-FHIR-IG/StructureDefinition/cancer-care-plan-task-questionnaire-response""]}]",,,,5b942098dfc4ad78b9d2e7bed79c392ac7dadabbf4071178138b5100eb9dc7e5
cancer-care-plan-task-provenance,Provenance.recorded,Provenance.recorded,,must-support,,true,,,,,,,f8842d1e9066f71c98239d2704e2e909256b16284093100de46f033732d9a3bd
cancer-care-plan-task-provenance,Provenance.agent,Provenance.agent,,must-support,,true,,,,,,,e30a16052ad95afe6bb09072bda8b4484ea5578c3094831254c84e6ed4a73128
cancer-care-plan-task-provenance,Provenance.agent.who,Provenance.agent.who,,must-support,,true,,,,,,,ad5cf961b061f5ea14bf77cceb254c07e0eebe3c5d6b55f9ad01c0ad2f05385f
cancer-care-plan-task-provenance,Provenance.entity,Provenance.entity,,cardinality;must-support,1..,true,,,,,,,6b903fdc779a0be846af95d045e3b9baa09b82c49e47ed9deda510896a9126e0
cancer-care-plan-task-provenance,Provenance.entity.role,Provenance.entity.role,,fixed-or-pattern,,false,,,,fixedCode,,,1384aacf5bf924f14de6f3e4ec44430e8570a74e20ad5c8e989ffa6e06f2c0ea
cancer-care-plan-task-provenance,Provenance.entity.what,Provenance.entity.what,,must-support,,true,,,,,,,966ec7171b78d6f901820a9cc365cae66acd8e5b142c984a93337b9b2ced6141
cancer-care-plan-task-questionnaire-response,QuestionnaireResponse.status,QuestionnaireResponse.status,,must-support,,true,,,,,,,6d147e97b62d322816ce2386896a971e6eb63ca0370cd512002c0e6df909a148
cancer-care-plan-task-questionnaire-response,QuestionnaireResponse.subject,QuestionnaireResponse.subject,,cardinality;must-support;type,1..,true,,,"[{""code"":""Reference"",""targetProfile"":[""https://erichuang777777.github.io/TW-Breast-Cancer-FHIR-IG/StructureDefinition/breast-cancer-patient""]}]",,,,ee6c2ea8c3f633e549cda318181837e9b55aac013a3e249c056d55544c66b765
cancer-care-plan-task-questionnaire-response,QuestionnaireResponse.authored,QuestionnaireResponse.authored,,cardinality;must-support,1..,true,,,,,,,09458cfc93ac4046207b1556640dcb2a7aac52d5cbac75b551c3aab8eb1b31c2
cancer-care-plan-task-questionnaire-response,QuestionnaireResponse.item,QuestionnaireResponse.item,,cardinality;must-support,1..,true,,,,,,,d4b5c172387af527621ff832d76a389381450710c72b2290bf447a61052e335e
cancer-care-plan-task-questionnaire-response,QuestionnaireResponse.item.linkId,QuestionnaireResponse.item.linkId,,must-support,,true,,,,,,,a108fa5c287345ce5f2dec30ec38034320b332e995d8fd8666b18bfd6ac4a9d0
cancer-care-plan-task-questionnaire-response,QuestionnaireResponse.item.text,QuestionnaireResponse.item.text,,must-support,,true,,,,,,,04e23f3263889ca9408a52e1498d84273e120fdd20d57625a443648f500e6398
cancer-care-plan-task-questionnaire-response,QuestionnaireResponse.item.answer,QuestionnaireResponse.item.answer,,cardinality;must-support,1..,true,,,,,,,28e649bed5e2ce0aec281750943f037fe514f1020794c2b7730256e67e563609
qbc-case-class,Extension,Extension,,declaration-or-narrative,,false,,,,,,,d497812ece0d754291921506582953212c65ac9111dafa97f1f45715e1f5b849
qbc-case-class,Extension.extension,Extension.extension,,cardinality,..0,false,,,,,,,b662cd1aaade7f960fb07f0419ff56276b960860d980112a1f5bc8d4a1ea5918
qbc-case-class,Extension.url,Extension.url,,fixed-or-pattern,,false,,,,fixedUri,,,0cbe643688fb2bf3c4936cd044dcff8cfffac4e2057504fe0336add8a3c1c906
qbc-case-class,Extension.value[x],Extension.value[x],,cardinality;binding;type,1..,false,required,https://erichuang777777.github.io/TW-Breast-Cancer-FHIR-IG/ValueSet/qbc-case-class,"[{""code"":""CodeableConcept""}]",,,,861458bc544152f821170fb46bafd5c1d29bd5fde386502b00c148008fa79bed
qbc-data-item-observation,Observation.status,Observation.status,,must-support;fixed-or-pattern,,true,,,,fixedCode,,,84319f41fba328f44187d5d73f13893e1398552e1bdcfffea30459a22f5bb7f6
qbc-data-item-observation,Observation.code,Observation.code,,must-support;binding,,true,required,https://erichuang777777.github.io/TW-Breast-Cancer-FHIR-IG/ValueSet/qbc-field,,,,,9242be486ab0a02d7a376dd7199ea84f5f3ed5d81b38a44d506de006df4f1b0b
qbc-data-item-observation,Observation.subject,Observation.subject,,cardinality;must-support;type,1..,true,,,"[{""code"":""Reference"",""targetProfile"":[""https://erichuang777777.github.io/TW-Breast-Cancer-FHIR-IG/StructureDefinition/qbc-patient""]}]",,,,7298025d277177df47051902f259a9f911d2cd9203e3632537c39221748dd047
qbc-data-item-observation,Observation.value[x],Observation.value[x],,cardinality;must-support,1..,true,,,,,,,e3555b22804f8478fe2a1c43407a358e5e9c06ae90074ee11c04924a8d4b7ebe
qbc-date-data-item-observation,Observation.code,Observation.code,,binding,,false,required,https://erichuang777777.github.io/TW-Breast-Cancer-FHIR-IG/ValueSet/qbc-date-field,,,,,3febd192857e4eecf196f7a9d80a7da2f24e3be6a9732f3d4e60c7d18a306a2e
qbc-date-data-item-observation,Observation.value[x],Observation.value[x],,type,,false,,,"[{""code"":""dateTime""}]",,,,0de6a47fdeae8d9fd2ab692807101dd46df65689ab7c9ba1421d016a77c17273
qbc-diagnosis-facility-class,Extension,Extension,,declaration-or-narrative,,false,,,,,,,2c5e0ad2771547cfd8804a25ee9df6ef63846c396d341b61ca7de97b80a85918
qbc-diagnosis-facility-class,Extension.extension,Extension.extension,,cardinality,..0,false,,,,,,,b662cd1aaade7f960fb07f0419ff56276b960860d980112a1f5bc8d4a1ea5918
qbc-diagnosis-facility-class,Extension.url,Extension.url,,fixed-or-pattern,,false,,,,fixedUri,,,d50707175bb3687602c3cbac20d5193f6dfb63beedc0996250f540825e0d734c
qbc-diagnosis-facility-class,Extension.value[x],Extension.value[x],,cardinality;binding;type,1..,false,required,https://erichuang777777.github.io/TW-Breast-Cancer-FHIR-IG/ValueSet/qbc-facility-class,"[{""code"":""CodeableConcept""}]",,,,bbde850eaa263c0fab3b3dac544cc53ce9402a95597c1c30981598455ce414b2
qbc-enrollment-type,Extension,Extension,,declaration-or-narrative,,false,,,,,,,dc258b76197d0df45430b23b28b4767cbbbb5d8eb876634d2db2ff50183d492f
qbc-enrollment-type,Extension.extension,Extension.extension,,cardinality,..0,false,,,,,,,b662cd1aaade7f960fb07f0419ff56276b960860d980112a1f5bc8d4a1ea5918
qbc-enrollment-type,Extension.url,Extension.url,,fixed-or-pattern,,false,,,,fixedUri,,,1d67fc510d3d50441eb13f7f9a0531df72733ce1e1116f5e2d9b95ca395dff40
qbc-enrollment-type,Extension.value[x],Extension.value[x],,cardinality;binding;type,1..,false,required,https://erichuang777777.github.io/TW-Breast-Cancer-FHIR-IG/ValueSet/qbc-enrollment-type,"[{""code"":""CodeableConcept""}]",,,,4fbe1c20cd32e6147d9fe11a64ccb354ef94928f93ec8be8e053c1f300f520b9
qbc-followup-status,Extension,Extension,,declaration-or-narrative,,false,,,,,,,140beca5c8a3cfb3957eff1eab5b1013ecad01c9be8949a8b0fabb73502ec02d
qbc-followup-status,Extension.extension,Extension.extension,,cardinality,..0,false,,,,,,,b662cd1aaade7f960fb07f0419ff56276b960860d980112a1f5bc8d4a1ea5918
qbc-followup-status,Extension.url,Extension.url,,fixed-or-pattern,,false,,,,fixedUri,,,4f320c604f49f8bb1fbb627c98bcad2316e68bd00b269a735732c9b2451043dd
qbc-followup-status,Extension.value[x],Extension.value[x],,cardinality;binding;type,1..,false,required,https://erichuang777777.github.io/TW-Breast-Cancer-FHIR-IG/ValueSet/qbc-followup-status,"[{""code"":""CodeableConcept""}]",,,,baba41d2016747d3256d5038c08633b7774b4c4eca16138ab087ee6266e8335b
qbc-integer-data-item-observation,Observation.code,Observation.code,,binding,,false,required,https://erichuang777777.github.io/TW-Breast-Cancer-FHIR-IG/ValueSet/qbc-integer-field,,,,,4ea56853ba74ddb43b8c8c1964aaf528baed303fad9ffe76e4f8d354b2d2cfe8
qbc-integer-data-item-observation,Observation.value[x],Observation.value[x],,type,,false,,,"[{""code"":""integer""}]",,,,4f17ab348b2ad039f61a5b8ce8166157ae2c5b3baf83194f08b3ec9510c810a2
qbc-patient,Patient,Patient,,declaration-or-narrative,,false,,,,,,,d12036ab92f63c80587d6fe00e40394b9f45e7be9e7cd219c151bec17ec2d384
qbc-provenance,Provenance.target,Provenance.target,,type,,false,,,"[{""code"":""Reference"",""targetProfile"":[""https://erichuang777777.github.io/TW-Breast-Cancer-FHIR-IG/StructureDefinition/qbc-patient"",""https://erichuang777777.github.io/TW-Breast-Cancer-FHIR-IG/StructureDefinition/qbc-data-item-observation""]}]",,,,9ac87365d146d5edf5c9e5a9cf84b8b384bec90bc9ec38976edbcc7441365219
qbc-quantity-data-item-observation,Observation.code,Observation.code,,binding,,false,required,https://erichuang777777.github.io/TW-Breast-Cancer-FHIR-IG/ValueSet/qbc-quantity-field,,,,,d1d0186f671aebdeeaf88567c3576b4978c13a1c9fcd7df8e06bcbdabee14527
qbc-quantity-data-item-observation,Observation.value[x],Observation.value[x],,type,,false,,,"[{""code"":""Quantity""}]",,,,8da4f3eb36090be82bb5c2a627a5b8cf36f43fc49459f0c6e633c612d562e58a
qbc-quantity-data-item-observation,Observation.value[x].value,Observation.value[x].value,,cardinality,1..,false,,,,,,,b7e9c0edf38e320d1b414bb25b3fc70768f2644f75da187681d409abe316ef4a
qbc-quantity-data-item-observation,Observation.value[x].system,Observation.value[x].system,,fixed-or-pattern,,false,,,,fixedUri,,,056fbfc0fce1b010647cf217d3c8c911d52e2245a3ef87f244923b83d1f7eedf
qbc-quantity-data-item-observation,Observation.value[x].code,Observation.value[x].code,,cardinality,1..,false,,,,,,,a3c571868ce9acf725b8662e658360d09d4f0aa33762f9a889e57ddeeae10c4c
qbc-raw-data-item-observation,Observation.value[x],Observation.value[x],,type,,false,,,"[{""code"":""string""}]",,,,50319c1ffdbfb25c2f83b5190dd38243535983199e10ba61e50d506b25692af8
qbc-submission-bundle,Bundle.identifier,Bundle.identifier,,cardinality,1..,false,,,,,,,a74c0d856354c15b70011d1e96ea822b56b449845918472d5c094073dcacddb9
qbc-submission-bundle,Bundle.identifier.system,Bundle.identifier.system,,cardinality,1..,false,,,,,,,34f8efe108f809bba00721bc5a648013dbb6c9e99d613880db06be5dd4706d12
qbc-submission-bundle,Bundle.identifier.value,Bundle.identifier.value,,cardinality,1..,false,,,,,,,48adf0453113763cdb0327205a9b8a1fde6d563813f3971e8cdc24b7dcceeeb1
qbc-submission-bundle,Bundle.type,Bundle.type,,fixed-or-pattern,,false,,,,fixedCode,,,80040d2c555d4f74e08b28710b420c6e31aaf2d74bb0a4263c86fff2a22cd2e7
qbc-submission-bundle,Bundle.timestamp,Bundle.timestamp,,cardinality,1..,false,,,,,,,06deebc7a7b95dad36214b423bfbd568b886e1a71057989e36d2d2cc179eb794
qbc-submission-bundle,Bundle.entry,Bundle.entry,,cardinality;slicing,1..,false,,,,,"{""discriminator"":[{""path"":""resource"",""type"":""profile""}],""rules"":""open""}",,f199a9a2713d728247818383a080211e96a10eb1eb7a9ed179b2996c0c7e6040
qbc-submission-bundle,Bundle.entry.fullUrl,Bundle.entry.fullUrl,,cardinality,1..,false,,,,,,,bf4822fd664c6ec1fbd75bacf386c777b435d542c480d9da9fb7ac203b0c6047
qbc-submission-bundle,Bundle.entry.resource,Bundle.entry.resource,,cardinality,1..,false,,,,,,,36043bd8da2ee1dd5b01ce3605b5bed5fe094200960eb5083b5a45cb5d1da63c
qbc-submission-bundle,Bundle.entry:patient,Bundle.entry,patient,cardinality,1..1,false,,,,,,,f24af06378190217b41caab185708d3130bf07464cbee1dcc43d9389a6c9717b
qbc-submission-bundle,Bundle.entry:patient.resource,Bundle.entry.resource,,type,,false,,,"[{""code"":""Patient"",""profile"":[""https://erichuang777777.github.io/TW-Breast-Cancer-FHIR-IG/StructureDefinition/qbc-patient""]}]",,,,365f12d5ba1ea8c2b9c77415ff60b9f41287ab464161966cbb381b7ee2ef2279
qbc-submission-bundle,Bundle.entry:observation,Bundle.entry,observation,cardinality,0..*,false,,,,,,,12d818bee44cd30d223732a41332dba1e5f6eac3841e18ce4ffb9af700af9546
qbc-submission-bundle,Bundle.entry:observation.resource,Bundle.entry.resource,,type,,false,,,"[{""code"":""Observation"",""profile"":[""https://erichuang777777.github.io/TW-Breast-Cancer-FHIR-IG/StructureDefinition/qbc-data-item-observation""]}]",,,,49d6d789aace2ef3e18dae1394306254817ec8aeb482bd7f27b2496bdaf1aef5
qbc-submission-bundle,Bundle.entry:provenance,Bundle.entry,provenance,cardinality,0..*,false,,,,,,,a12cca31ef2e53192c646c0c688bd94af481dff77e8ec219c0e81b12e1b11356
qbc-submission-bundle,Bundle.entry:provenance.resource,Bundle.entry.resource,,type,,false,,,"[{""code"":""Provenance"",""profile"":[""https://erichuang777777.github.io/TW-Breast-Cancer-FHIR-IG/StructureDefinition/qbc-provenance""]}]",,,,46f2106b7bb044393a48263630dad8d57c6a7bd4616b4d3ee3b34a77f796fff3
qbc-transfer-date,Extension,Extension,,declaration-or-narrative,,false,,,,,,,066b07d7dea9acc593d7978622e5a2fe86b8bed52f05813ffbdac04c5dfbdb04
qbc-transfer-date,Extension.extension,Extension.extension,,cardinality,..0,false,,,,,,,b662cd1aaade7f960fb07f0419ff56276b960860d980112a1f5bc8d4a1ea5918
qbc-transfer-date,Extension.url,Extension.url,,fixed-or-pattern,,false,,,,fixedUri,,,8d9c9f4c2932c0bf86f96c5945f7a37505c5e1e84fe41bfaca9d7b9d251f823b
qbc-transfer-date,Extension.value[x],Extension.value[x],,cardinality;type,1..,false,,,"[{""code"":""date""}]",,,,db9717361364d87d3736d241b4e649da1e514df05c2816e57763cfe98144a308
qbc-treatment-facility-class,Extension,Extension,,declaration-or-narrative,,false,,,,,,,e9364c4829ba72787ceeaf4bfc4127981cb4684076785589b140490c0ab0f748
qbc-treatment-facility-class,Extension.extension,Extension.extension,,cardinality,..0,false,,,,,,,b662cd1aaade7f960fb07f0419ff56276b960860d980112a1f5bc8d4a1ea5918
qbc-treatment-facility-class,Extension.url,Extension.url,,fixed-or-pattern,,false,,,,fixedUri,,,b90fd8f7bf92297c7e2d3699482020c6cb9ce2cc0fcf06e3544a7132b4cbd882
qbc-treatment-facility-class,Extension.value[x],Extension.value[x],,cardinality;binding;type,1..,false,required,https://erichuang777777.github.io/TW-Breast-Cancer-FHIR-IG/ValueSet/qbc-facility-class,"[{""code"":""CodeableConcept""}]",,,,bbde850eaa263c0fab3b3dac544cc53ce9402a95597c1c30981598455ce414b2
qbc-treatment-sequence,Extension,Extension,,declaration-or-narrative,,false,,,,,,,919de62e5b744b5ca52c64b0df996823cc4b92722a316d78c1953013b513cfaf
qbc-treatment-sequence,Extension.extension,Extension.extension,,cardinality,..0,false,,,,,,,b662cd1aaade7f960fb07f0419ff56276b960860d980112a1f5bc8d4a1ea5918
qbc-treatment-sequence,Extension.url,Extension.url,,fixed-or-pattern,,false,,,,fixedUri,,,ff34cb2c4424c2c56ea188e681e33d9ea4fd744d78710f8cba85c5d0db97dd95
qbc-treatment-sequence,Extension.value[x],Extension.value[x],,cardinality;type,1..,false,,,"[{""code"":""positiveInt""}]",,,,cd044eb1edefdb36a3227e6e5bbda333f6e3caaa957b1079271116ae8061aad3
qbc-treatment-status,Extension,Extension,,declaration-or-narrative,,false,,,,,,,50dffde2e1c7bb7a6d81f5b12b71c1a705cc5d3a3ca06424c3fb5ae3dd683ed2
qbc-treatment-status,Extension.extension,Extension.extension,,cardinality,..0,false,,,,,,,b662cd1aaade7f960fb07f0419ff56276b960860d980112a1f5bc8d4a1ea5918
qbc-treatment-status,Extension.url,Extension.url,,fixed-or-pattern,,false,,,,fixedUri,,,3bd56a247abd4625d8816546114515ba1efd14ab93bee70be3a8eb28ffc92bcd
qbc-treatment-status,Extension.value[x],Extension.value[x],,cardinality;binding;type,1..,false,required,https://erichuang777777.github.io/TW-Breast-Cancer-FHIR-IG/ValueSet/qbc-treatment-status,"[{""code"":""CodeableConcept""}]",,,,31d163c74d6e963297006b460804bd22c3171142564c0ad3812b054136d2e560
qbc-treatment-type,Extension,Extension,,declaration-or-narrative,,false,,,,,,,2ee00d9d8dcfcdf1badcb32fa87d1c8d7705d1243dcac61ff7301b0c13d7bfec
qbc-treatment-type,Extension.extension,Extension.extension,,cardinality,..0,false,,,,,,,b662cd1aaade7f960fb07f0419ff56276b960860d980112a1f5bc8d4a1ea5918
qbc-treatment-type,Extension.url,Extension.url,,fixed-or-pattern,,false,,,,fixedUri,,,a8d133fcac68a0a83b25794cb6d15b107c3068090c17e8c5632305e645ef09a8
qbc-treatment-type,Extension.value[x],Extension.value[x],,cardinality;binding;type,1..,false,required,https://erichuang777777.github.io/TW-Breast-Cancer-FHIR-IG/ValueSet/qbc-treatment-type,"[{""code"":""CodeableConcept""}]",,,,d38f7f2c538600bc62d6f4f4e2acaa7faf4d996529b16d9daaed81ff6fd18e2c
qbc-tumor-size-observation,Observation.code,Observation.code,,fixed-or-pattern,,false,,,,patternCodeableConcept,,,ab681018df1d8d79fe026922d10b5334b5af4759e546ff9bcd20b41d59cdd32b
qbc-tumor-size-observation,Observation.value[x].code,Observation.value[x].code,,fixed-or-pattern,,false,,,,fixedCode,,,cfdedb99aef03890ab9940e2e7bd51263ec7230a5b5f0c88dc8aa6b8eb480ee5
tcr-coded-data-item-observation,Observation.value[x],Observation.value[x],,type,,false,,,"[{""code"":""CodeableConcept""}]",,,,178c142c1b6a1f82860e07a28d5deab3b7584051dca49570fa464ff0c56ea3bf
tcr-codetable-pending,Extension,Extension,,declaration-or-narrative,,false,,,,,,,942faccd13623c25e7789b91b199868df3a0afecba417b83eb0b196856d0e25c
tcr-codetable-pending,Extension.url,Extension.url,,fixed-or-pattern,,false,,,,fixedUri,,,56d3d7d2a7a0b54dfd6293b22a7743371d3083ffe3f7999f9aea50b49f6b05ee
tcr-codetable-pending,Extension.value[x],Extension.value[x],,cardinality;type,1..,false,,,"[{""code"":""boolean""}]",,,,94f75d76405b9c66068aa93fb6aa7580163ba09f63d584e819244f3386dfb7b3
tcr-data-item-observation,Observation.status,Observation.status,,must-support;fixed-or-pattern,,true,,,,fixedCode,,,84319f41fba328f44187d5d73f13893e1398552e1bdcfffea30459a22f5bb7f6
tcr-data-item-observation,Observation.code,Observation.code,,must-support;binding,,true,required,https://erichuang777777.github.io/TW-Breast-Cancer-FHIR-IG/ValueSet/tcr-field-vs,,,,,ff65dc37bcc30619e4ec85b21f8e89f11b7cca2f5ff1536733a9df07ebc17747
tcr-data-item-observation,Observation.subject,Observation.subject,,cardinality;must-support,1..,true,,,,,,,12b4da7d7cdf382cc3f4d0199cf0376693657166924dbed780e7fdd9994a7b1a
tcr-data-item-observation,Observation.value[x],Observation.value[x],,cardinality;must-support,1..,true,,,,,,,e3555b22804f8478fe2a1c43407a358e5e9c06ae90074ee11c04924a8d4b7ebe
tcr-illegal-code,Extension,Extension,,declaration-or-narrative,,false,,,,,,,ceebf847de55fdf5937a143160ccf789d55e89b00678c7f0ac983a96a3d54d2f
tcr-illegal-code,Extension.url,Extension.url,,fixed-or-pattern,,false,,,,fixedUri,,,dea90b86ee69feb7dda4c6ab2804f32a69c2c7ddfd73dae7240d0a3aeae2230e
tcr-illegal-code,Extension.value[x],Extension.value[x],,cardinality;type,1..,false,,,"[{""code"":""string""}]",,,,0df16e8a04fd835335a2539be49c7fab54afdbaa9b9beac7d8445dd8869d9848
tcr-raw-data-item-observation,Observation.value[x],Observation.value[x],,type,,false,,,"[{""code"":""string""}]",,,,50319c1ffdbfb25c2f83b5190dd38243535983199e10ba61e50d506b25692af8
tcr-registry-abstraction-task,Task.focus,Task.focus,,cardinality;type,1..,false,,,"[{""code"":""Reference"",""targetProfile"":[""http://hl7.org/fhir/StructureDefinition/Condition""]}]",,,,ee18ba76ebe834f6313948fa3f3ad50960fad3b2934a06ee828aa3e87b53448e
tcr-registry-abstraction-task,Task.for,Task.for,,cardinality;type,1..,false,,,"[{""code"":""Reference"",""targetProfile"":[""http://hl7.org/fhir/StructureDefinition/Patient""]}]",,,,57d2797205e90fd32beb9fd4e8d632201cdf15dee7a3e4f68c572a8c1c02e9f8
tcr-registry-abstraction-task,Task.input,Task.input,,cardinality,1..,false,,,,,,,e9ad016a04c7ad34736b4574846a8dfdf2db6a98a7bb1cda8f2d19d280b67415
tcr-registry-abstraction-task,Task.output,Task.output,,declaration-or-narrative,,false,,,,,,,a91104b635aa540d66e5aff02656195f01d7138c90e8de786487c9c7edba44df
tcr-source-document,Extension,Extension,,declaration-or-narrative,,false,,,,,,,db2469ad9bbe202cb9083fab3ecf968a86268fca0cc0b94bd3662deb3ee41789
tcr-source-document,Extension.url,Extension.url,,fixed-or-pattern,,false,,,,fixedUri,,,3ed717bb9bf71da174be3755c7cb60c586c9e25837cd73e4671405d89e89077e
tcr-source-document,Extension.value[x],Extension.value[x],,cardinality;type,1..,false,,,"[{""code"":""string""}]",,,,0df16e8a04fd835335a2539be49c7fab54afdbaa9b9beac7d8445dd8869d9848
tcr-source-hint,Extension,Extension,,declaration-or-narrative,,false,,,,,,,8d77b4dbd7472186c8afcba1a29269a7897bad37797ebe213ce52c62c7a56f62
tcr-source-hint,Extension.url,Extension.url,,fixed-or-pattern,,false,,,,fixedUri,,,01da58d0bc9e7c55ad1bd0a73b45517edfb4da52d56d2fb8bbb633ad4dc2c0f5
tcr-source-hint,Extension.value[x],Extension.value[x],,cardinality;type,1..,false,,,"[{""code"":""string""}]",,,,0df16e8a04fd835335a2539be49c7fab54afdbaa9b9beac7d8445dd8869d9848
